Club Name,Season ID,Matches Played,Matches Won,Matches Lost,Aerial Battles/Duels Won,Big Chances Created,Blocked shots,Clean sheets,Clearances,Cross accuracy %,Crosses,Errors leading to goal,Fouls,Goals,Goals Conceded,Goals conceded per match,Goals per match,Headed Clearance,Hit woodwork,Interceptions,Offsides,Own goals,Pass accuracy %,Passes,Passes per match,Penalties scored,Red cards,Saves,Shooting accuracy %,Shots,Shots on target,Tackle success %,Tackles,Yellow cards
Arsenal,2024/25,0,0,0,0,0,0,0,0,0%,0,0,0,0,0,0.00,0.00,0,0,0,0,0,0%,0,0.00,0,0,0,0%,0,0,0%,0,0
Arsenal,2023/24,38,28,5,"2,306",87,218,18,481,26%,670,7,267,91,29,0.76,2.39,265,13,292,87,1,87%,"21,052",554.00,10,2,55,35%,657,228,57%,610,62
Arsenal,2022/23,38,26,6,"2,336",73,184,14,567,20%,674,8,195,88,43,1.13,2.32,283,15,237,56,1,85%,"20,450",538.16,3,0,95,34%,593,204,60%,568,52
Arsenal,2021/22,38,22,13,"2,148",39,171,13,636,24%,633,5,194,61,48,1.26,1.61,315,18,296,66,1,83%,"18,290",481.32,5,4,100,34%,589,198,58%,540,60
Arsenal,2020/21,38,18,13,"2,171",45,125,12,615,21%,751,5,184,55,39,1.03,1.45,328,19,351,61,4,85%,"20,126",529.63,6,5,96,33%,459,152,55%,456,47
Arsenal,2019/20,38,14,10,"2,447",48,99,10,703,20%,699,5,251,56,48,1.26,1.47,388,15,351,73,0,84%,"18,649",490.76,3,5,147,37%,406,151,58%,584,86
Arsenal,2018/19,38,21,10,"2,489",72,128,8,762,21%,605,13,227,73,51,1.34,1.92,404,9,412,89,2,83%,"20,805",547.50,4,2,133,36%,467,170,60%,609,72
Arsenal,2017/18,38,19,13,"2,660",81,162,13,829,21%,572,15,231,74,51,1.34,1.95,449,17,427,89,0,84%,"23,524",619.05,4,2,100,39%,594,234,68%,623,57
Arsenal,2016/17,38,23,9,"2,762",55,162,13,839,22%,697,4,216,77,44,1.16,2.03,466,16,535,95,1,84%,"21,392",562.95,4,3,124,36%,566,201,70%,674,68
Arsenal,2015/16,38,20,7,"2,785",88,155,18,849,25%,754,5,202,65,36,0.95,1.71,358,21,734,86,3,84%,"21,249",559.18,1,4,118,37%,571,211,73%,709,40
Arsenal,2014/15,38,22,7,"3,242",66,171,13,"1,006",20%,866,8,189,71,36,0.95,1.87,565,13,762,64,1,84%,"20,527",540.18,6,2,96,37%,610,227,75%,739,68
Arsenal,2013/14,38,24,7,"2,777",62,131,17,"1,207",22%,753,10,141,68,41,1.08,1.79,703,15,541,74,2,86%,"21,874",575.63,3,4,116,41%,523,213,74%,714,53
Arsenal,2012/13,38,21,7,"2,840",70,174,14,873,19%,951,14,0,72,37,0.97,1.89,261,16,636,80,0,85%,"21,381",562.66,5,5,101,34%,597,205,79%,748,42
Arsenal,2011/12,38,21,10,"2,336",97,165,13,766,22%,896,13,0,74,49,1.29,1.95,218,15,605,88,5,85%,"20,613",542.45,2,4,6,37%,637,236,74%,751,64
Arsenal,2010/11,38,19,8,"2,636",99,153,13,"1,077",19%,928,7,0,72,43,1.13,1.89,292,23,709,93,1,84%,"20,150",530.26,4,6,0,36%,654,238,74%,772,65
Arsenal,2009/10,38,23,9,"2,900",0,180,14,"1,091",18%,"1,023",7,0,83,41,1.08,2.18,326,15,839,93,2,81%,"19,301",507.92,3,1,5,35%,660,233,75%,818,56
Arsenal,2008/09,38,20,6,"2,709",0,169,16,"1,280",21%,"1,069",6,0,68,37,0.97,1.79,402,22,872,88,3,83%,"19,008",500.21,5,3,3,33%,662,220,75%,875,58
Arsenal,2007/08,38,24,3,"2,527",0,154,15,"1,840",24%,888,7,0,74,31,0.82,1.95,512,13,505,110,2,83%,"18,831",495.55,5,3,0,33%,627,208,75%,878,55
Arsenal,2006/07,38,19,8,"2,414",0,126,12,"1,202",21%,873,0,0,63,35,0.92,1.66,0,19,214,111,1,81%,"18,467",485.97,10,3,9,35%,638,226,74%,998,59
Arsenal,2005/06,38,20,11,0,0,0,16,0,0%,0,0,0,68,31,0.82,1.79,0,0,0,0,0,0%,0,0.00,0,2,0,0%,0,0,0%,0,54
Arsenal,2004/05,38,25,5,0,0,0,16,0,0%,0,0,0,87,36,0.95,2.29,0,0,0,0,1,0%,0,0.00,0,1,0,0%,0,0,0%,0,45
Arsenal,2003/04,38,26,0,0,0,0,15,0,0%,0,0,0,73,26,0.68,1.92,0,0,0,0,1,0%,0,0.00,0,3,0,0%,0,0,0%,0,51
Arsenal,2002/03,38,23,6,0,0,0,10,0,0%,0,0,0,85,42,1.11,2.24,0,0,0,0,4,0%,0,0.00,0,3,0,0%,0,0,0%,0,55
Arsenal,2001/02,38,26,3,102,0,1,14,28,12%,17,0,9,79,36,0.95,2.08,16,0,19,2,2,75%,314,8.26,1,6,2,55%,11,6,77%,26,71
Arsenal,2000/01,38,20,8,0,0,0,17,0,0%,0,0,0,63,38,1.00,1.66,0,0,0,0,2,0%,0,0.00,0,3,0,0%,0,0,0%,0,46
Arsenal,1999/00,38,22,9,0,0,0,10,0,0%,0,0,0,73,43,1.13,1.92,0,0,0,0,0,0%,0,0.00,0,5,0,0%,0,0,0%,0,66
Arsenal,1998/99,38,22,4,0,0,0,23,0,0%,0,0,0,59,17,0.45,1.55,0,0,0,0,0,0%,0,0.00,0,7,0,0%,0,0,0%,0,62
Arsenal,1997/98,38,23,6,101,2,4,19,15,11%,19,0,6,68,33,0.87,1.79,9,0,7,1,0,62%,348,9.16,0,3,4,42%,19,8,60%,25,70
Arsenal,1996/97,38,19,8,0,0,0,16,0,0%,0,0,0,62,32,0.84,1.63,0,0,0,0,3,0%,0,0.00,0,5,0,0%,0,0,0%,0,81
Arsenal,1995/96,38,17,9,0,0,0,16,0,0%,0,0,0,49,32,0.84,1.29,0,0,0,0,0,0%,0,0.00,0,2,0,0%,0,0,0%,0,63
Arsenal,1994/95,42,13,17,0,0,0,13,0,0%,0,0,0,52,49,1.17,1.24,0,0,0,0,2,0%,0,0.00,0,4,0,0%,0,0,0%,0,59
Arsenal,1993/94,42,18,7,0,0,0,21,0,0%,0,0,0,53,28,0.67,1.26,0,0,0,0,2,0%,0,0.00,0,1,0,0%,0,0,0%,0,32
Arsenal,1992/93,42,15,16,0,0,0,16,0,0%,0,0,0,40,38,0.90,0.95,0,0,0,0,1,0%,0,0.00,0,1,0,0%,0,0,0%,0,34
Aston-Villa,2024/25,0,0,0,0,0,0,0,0,0%,0,0,0,0,0,0.00,0.00,0,0,0,0,0,0%,0,0.00,0,0,0,0%,0,0,0%,0,0
Aston-Villa,2023/24,38,20,10,"2,040",79,143,8,562,23%,651,6,292,76,61,1.61,2.00,281,12,236,47,4,86%,"17,876",470.42,4,2,116,37%,515,191,57%,547,94
Aston-Villa,2022/23,38,18,13,"2,314",54,128,12,663,23%,561,8,246,51,46,1.21,1.34,347,21,324,58,4,81%,"15,940",419.47,3,1,109,35%,431,151,54%,631,80
Aston-Villa,2021/22,38,13,19,"2,549",43,131,11,629,22%,670,3,252,52,54,1.42,1.37,296,7,340,52,2,80%,"14,886",391.74,3,3,98,35%,464,162,60%,634,79
Aston-Villa,2020/21,38,16,15,"2,916",59,145,15,736,22%,779,5,211,55,46,1.21,1.45,389,22,387,71,2,79%,"15,189",399.71,5,4,142,36%,520,186,53%,530,63
Aston-Villa,2019/20,39,9,21,"2,829",46,122,7,840,22%,798,11,226,41,67,1.72,1.05,361,10,423,62,1,77%,"13,835",354.74,1,1,116,33%,457,150,56%,523,68
Aston-Villa,2015/16,38,3,27,"2,956",25,103,6,973,22%,796,15,230,27,76,2.00,0.71,429,7,768,42,4,78%,"15,308",402.84,2,3,116,29%,380,110,77%,731,75
Aston-Villa,2014/15,38,10,20,"2,726",29,104,10,"1,130",22%,766,10,209,31,57,1.50,0.82,661,5,487,70,1,79%,"16,527",434.92,1,7,112,30%,418,125,75%,623,70
Aston-Villa,2013/14,38,10,20,"2,762",36,110,9,"1,068",22%,749,8,163,39,61,1.61,1.03,486,11,460,84,4,74%,"13,870",365.00,2,0,110,31%,431,135,79%,747,78
Aston-Villa,2012/13,38,10,17,"2,779",43,126,5,"1,520",26%,676,8,0,47,69,1.82,1.24,372,10,769,97,5,78%,"14,272",375.58,3,3,11,32%,438,141,74%,741,72
Aston-Villa,2011/12,38,7,14,"2,375",51,106,9,"1,301",25%,834,8,0,37,53,1.39,0.97,378,9,740,85,2,73%,"13,158",346.26,3,2,0,32%,438,138,76%,774,70
Aston-Villa,2010/11,38,12,14,"2,775",58,127,7,"1,116",24%,973,3,0,48,59,1.55,1.26,323,19,667,92,1,74%,"14,611",384.50,4,2,0,33%,506,165,70%,844,71
Aston-Villa,2009/10,38,17,8,"2,928",0,122,15,"1,531",26%,"1,031",5,0,52,39,1.03,1.37,461,5,690,81,3,72%,"13,136",345.68,5,2,3,32%,497,158,77%,880,59
Aston-Villa,2008/09,38,17,10,"2,735",0,103,13,"1,764",20%,"1,119",4,0,54,48,1.26,1.42,586,15,710,85,0,71%,"12,419",326.82,4,2,0,34%,472,159,75%,982,54
Aston-Villa,2007/08,38,16,10,"2,612",0,106,9,"2,220",26%,932,7,0,71,51,1.34,1.87,623,11,461,115,3,70%,"11,438",301.00,6,4,3,36%,511,182,80%,885,54
Aston-Villa,2006/07,38,11,10,"2,368",0,103,13,"1,212",24%,886,0,0,43,41,1.08,1.13,0,9,221,147,1,70%,"13,254",348.79,6,1,1,33%,470,154,78%,936,48
Aston-Villa,2005/06,38,10,16,0,0,0,11,0,0%,0,0,0,42,55,1.45,1.11,0,0,0,0,1,0%,0,0.00,0,2,0,0%,0,0,0%,0,59
Aston-Villa,2004/05,38,12,15,0,0,0,11,0,0%,0,0,0,45,52,1.37,1.18,0,0,0,0,0,0%,0,0.00,0,2,0,0%,0,0,0%,0,57
Aston-Villa,2003/04,38,15,12,0,0,0,12,0,0%,0,0,0,48,44,1.16,1.26,0,0,0,0,1,0%,0,0.00,0,3,0,0%,0,0,0%,0,54
Aston-Villa,2002/03,38,12,17,0,0,0,9,0,0%,0,0,0,42,47,1.24,1.11,0,0,0,0,1,0%,0,0.00,0,4,0,0%,0,0,0%,0,63
Aston-Villa,2001/02,38,12,12,0,0,0,9,0,0%,0,0,0,46,47,1.24,1.21,0,0,0,0,2,0%,0,0.00,0,2,0,0%,0,0,0%,0,44
Aston-Villa,2000/01,38,13,10,0,0,0,9,0,0%,0,0,0,46,43,1.13,1.21,0,0,0,0,4,0%,0,0.00,0,3,0,0%,0,0,0%,0,63
Aston-Villa,1999/00,38,15,10,0,0,0,16,0,0%,0,0,0,46,35,0.92,1.21,0,0,0,0,4,0%,0,0.00,0,1,0,0%,0,0,0%,0,65
Aston-Villa,1998/99,38,15,13,0,0,0,15,0,0%,0,0,0,51,46,1.21,1.34,0,0,0,0,3,0%,0,0.00,0,3,0,0%,0,0,0%,0,63
Aston-Villa,1997/98,38,17,15,0,0,0,9,0,0%,0,0,0,49,48,1.26,1.29,0,0,0,0,0,0%,0,0.00,0,2,0,0%,0,0,0%,0,43
Aston-Villa,1996/97,38,17,11,0,0,0,19,0,0%,0,0,0,47,34,0.89,1.24,0,0,0,0,1,0%,0,0.00,0,2,0,0%,0,0,0%,0,53
Aston-Villa,1995/96,38,18,11,0,0,0,13,0,0%,0,0,0,52,35,0.92,1.37,0,0,0,0,0,0%,0,0.00,0,2,0,0%,0,0,0%,0,42
Aston-Villa,1994/95,42,11,16,0,0,0,11,0,0%,0,0,0,51,56,1.33,1.21,0,0,0,0,1,0%,0,0.00,0,3,0,0%,0,0,0%,0,59
Aston-Villa,1993/94,42,15,15,0,0,0,13,0,0%,0,0,0,46,50,1.19,1.10,0,0,0,0,2,0%,0,0.00,0,1,0,0%,0,0,0%,0,23
Aston-Villa,1992/93,42,21,10,0,0,0,15,0,0%,0,0,0,57,40,0.95,1.36,0,0,0,0,1,0%,0,0.00,0,0,0,0%,0,0,0%,0,23
Barnsley,1997/98,38,10,23,0,0,0,6,0,0%,0,0,0,37,82,2.16,0.97,0,0,0,0,1,0%,0,0.00,0,4,0,0%,0,0,0%,0,66
Birmingham-City,2010/11,38,8,15,"2,555",40,87,9,"1,261",22%,784,8,0,37,58,1.53,0.97,384,11,573,91,4,72%,"14,036",369.37,2,3,0,30%,401,121,68%,668,57
Birmingham-City,2009/10,38,13,14,"2,814",0,124,11,"1,499",21%,736,2,0,38,47,1.24,1.00,419,7,777,98,1,68%,"13,550",356.58,2,1,3,34%,452,155,71%,785,74
Birmingham-City,2007/08,38,8,19,"2,351",0,100,3,"2,145",23%,774,9,0,46,62,1.63,1.21,538,6,515,78,1,64%,"10,630",279.74,6,3,0,35%,414,143,77%,935,70
Birmingham-City,2005/06,38,8,20,0,0,0,10,0,0%,0,0,0,28,50,1.32,0.74,0,0,0,0,1,0%,0,0.00,0,7,0,0%,0,0,0%,0,50
Birmingham-City,2004/05,38,11,15,0,0,0,9,0,0%,0,0,0,40,46,1.21,1.05,0,0,0,0,0,0%,0,0.00,0,3,0,0%,0,0,0%,0,61
Birmingham-City,2003/04,38,12,12,0,0,0,15,0,0%,0,0,0,43,48,1.26,1.13,0,0,0,0,0,0%,0,0.00,0,5,0,0%,0,0,0%,0,47
Birmingham-City,2002/03,38,13,16,0,0,0,9,0,0%,0,0,0,41,49,1.29,1.08,0,0,0,0,2,0%,0,0.00,0,5,0,0%,0,0,0%,0,69
Blackburn-Rovers,2011/12,38,8,23,"2,008",41,126,3,"1,328",23%,610,8,0,48,78,2.05,1.26,281,10,716,58,4,73%,"12,424",326.95,4,5,0,32%,453,143,75%,690,66
Blackburn-Rovers,2010/11,38,11,17,"2,588",55,106,8,"1,521",22%,821,3,0,46,59,1.55,1.21,435,10,734,87,1,65%,"11,178",294.16,1,5,0,30%,453,135,75%,748,65
Blackburn-Rovers,2009/10,38,13,14,"2,949",0,123,13,"1,557",23%,752,3,0,41,55,1.45,1.08,442,18,730,124,1,64%,"11,798",310.47,3,2,2,33%,489,161,73%,709,57
Blackburn-Rovers,2008/09,38,10,17,"2,524",0,129,10,"1,649",22%,865,5,0,40,60,1.58,1.05,483,13,557,119,2,71%,"13,482",354.79,4,4,16,31%,473,148,74%,824,74
Blackburn-Rovers,2007/08,38,15,10,"2,581",0,109,8,"2,065",23%,883,6,0,50,48,1.26,1.32,521,14,550,95,1,74%,"13,654",359.32,5,6,3,35%,530,185,75%,833,72
Blackburn-Rovers,2006/07,38,15,16,"2,096",0,105,8,"1,095",22%,911,0,0,52,54,1.42,1.37,0,5,282,142,2,72%,"14,033",369.29,5,6,22,32%,478,155,78%,864,77
Blackburn-Rovers,2005/06,38,19,13,0,0,0,16,0,0%,0,0,0,51,42,1.11,1.34,0,0,0,0,1,0%,0,0.00,0,6,0,0%,0,0,0%,0,74
Blackburn-Rovers,2004/05,38,9,14,0,0,0,15,0,0%,0,0,0,32,43,1.13,0.84,0,0,0,0,1,0%,0,0.00,0,6,0,0%,0,0,0%,0,69
Blackburn-Rovers,2003/04,38,12,18,0,0,0,8,0,0%,0,0,0,51,59,1.55,1.34,0,0,0,0,1,0%,0,0.00,0,3,0,0%,0,0,0%,0,61
Blackburn-Rovers,2002/03,38,16,10,0,0,0,15,0,0%,0,0,0,52,43,1.13,1.37,0,0,0,0,2,0%,0,0.00,0,4,0,0%,0,0,0%,0,61
Blackburn-Rovers,2001/02,38,12,16,0,0,0,8,0,0%,0,0,0,55,51,1.34,1.45,0,0,0,0,0,100%,1,0.03,0,4,0,100%,2,2,0%,0,59
Blackburn-Rovers,1998/99,38,7,17,0,0,0,10,0,0%,0,0,0,38,52,1.37,1.00,0,0,0,0,0,0%,0,0.00,0,8,0,0%,0,0,0%,0,80
Blackburn-Rovers,1997/98,38,16,12,0,0,0,14,0,0%,0,0,0,57,52,1.37,1.50,0,0,0,0,2,0%,0,0.00,0,5,0,0%,0,0,0%,0,55
Blackburn-Rovers,1996/97,38,9,14,0,0,0,11,0,0%,0,0,0,42,43,1.13,1.11,0,0,0,0,1,0%,0,0.00,0,1,0,0%,0,0,0%,0,61
Blackburn-Rovers,1995/96,38,18,13,0,0,0,10,0,0%,0,0,0,61,47,1.24,1.61,0,0,0,0,1,0%,0,0.00,0,5,0,0%,0,0,0%,0,63
Blackburn-Rovers,1994/95,42,27,7,0,0,0,16,0,0%,0,0,0,80,39,0.93,1.90,0,0,0,0,1,0%,0,0.00,0,4,0,0%,0,0,0%,0,52
Blackburn-Rovers,1993/94,42,25,8,0,0,0,18,0,0%,0,0,0,63,36,0.86,1.50,0,0,0,0,3,0%,0,0.00,0,0,0,0%,0,0,0%,0,28
Blackburn-Rovers,1992/93,42,20,11,0,0,0,19,0,0%,0,0,0,68,46,1.10,1.62,0,0,0,0,2,0%,0,0.00,0,3,0,0%,0,0,0%,0,37
Blackpool,2010/11,38,10,19,"2,474",61,144,6,"1,616",24%,836,14,0,55,78,2.05,1.45,474,11,451,97,5,76%,"15,113",397.71,7,2,3,30%,531,161,75%,780,47
Bolton-Wanderers,2011/12,38,10,22,"2,299",35,152,3,"1,255",23%,769,6,0,46,77,2.03,1.21,354,8,694,55,1,72%,"13,580",357.37,5,5,0,33%,495,163,73%,732,50
Bolton-Wanderers,2010/11,38,12,16,"3,171",48,152,5,"1,466",29%,850,3,0,52,56,1.47,1.37,450,9,627,57,0,67%,"12,704",334.32,4,5,0,30%,570,173,72%,939,67
Bolton-Wanderers,2009/10,38,10,19,"3,107",0,144,5,"1,638",25%,875,5,0,42,67,1.76,1.11,468,10,735,58,4,64%,"11,430",300.79,4,5,4,29%,558,163,72%,912,74
Bolton-Wanderers,2008/09,38,11,19,"2,636",0,106,7,"1,880",23%,853,6,0,41,53,1.39,1.08,545,7,555,71,2,64%,"10,680",281.05,0,1,5,32%,488,154,76%,890,62
Bolton-Wanderers,2007/08,38,9,19,"2,508",0,111,12,"2,166",24%,905,4,0,36,54,1.42,0.95,627,14,542,111,4,68%,"11,854",311.95,0,0,0,33%,451,149,76%,866,76
Bolton-Wanderers,2006/07,38,16,14,"2,130",0,108,12,"1,037",19%,942,0,0,47,52,1.37,1.24,0,7,235,95,3,65%,"12,422",326.89,6,4,15,30%,404,120,78%,811,84
Bolton-Wanderers,2005/06,38,15,12,0,0,0,15,0,0%,0,0,0,49,41,1.08,1.29,0,0,0,0,1,0%,0,0.00,0,4,0,0%,0,0,0%,0,60
Bolton-Wanderers,2004/05,38,16,12,0,0,0,8,0,0%,0,0,0,49,44,1.16,1.29,0,0,0,0,3,0%,0,0.00,0,2,0,0%,0,0,0%,0,57
Bolton-Wanderers,2003/04,38,14,13,0,0,0,10,0,0%,0,0,0,48,56,1.47,1.26,0,0,0,0,2,0%,0,0.00,0,0,0,0%,0,0,0%,0,69
Bolton-Wanderers,2002/03,38,10,14,0,0,0,10,0,0%,0,0,0,41,51,1.34,1.08,0,0,0,0,0,0%,0,0.00,0,4,0,0%,0,0,0%,0,68
Bolton-Wanderers,2001/02,38,9,16,0,0,0,7,0,0%,0,0,0,44,62,1.63,1.16,0,0,0,0,3,0%,0,0.00,0,7,0,0%,0,0,0%,0,58
Bolton-Wanderers,1997/98,38,9,16,0,0,0,10,0,0%,0,0,0,41,61,1.61,1.08,0,0,0,0,0,0%,0,0.00,0,5,0,0%,0,0,0%,0,63
Bolton-Wanderers,1995/96,38,8,25,0,0,0,4,0,0%,0,0,0,39,71,1.87,1.03,0,0,0,0,0,0%,0,0.00,0,2,0,0%,0,0,0%,0,57
Bournemouth,2024/25,0,0,0,0,0,0,0,0,0%,0,0,0,0,0,0.00,0.00,0,0,0,0,0,0%,0,0.00,0,0,0,0%,0,0,0%,0,0
Bournemouth,2023/24,38,13,16,"2,630",60,156,9,788,24%,709,7,364,54,67,1.76,1.42,359,13,357,56,1,77%,"14,204",373.79,2,3,133,34%,542,185,59%,693,79
Bournemouth,2022/23,37,11,21,"2,355",35,96,8,971,27%,512,3,188,37,71,1.92,1.00,527,5,353,38,3,78%,"13,931",376.51,0,0,136,37%,358,133,60%,618,69
Bournemouth,2019/20,38,9,22,"2,811",44,120,5,926,20%,646,6,178,40,65,1.71,1.05,471,11,475,67,0,75%,"14,694",386.68,4,3,131,31%,389,122,59%,507,74
Bournemouth,2018/19,38,13,19,"2,676",77,108,10,"1,019",27%,613,11,170,56,70,1.84,1.47,515,12,371,57,3,78%,"15,943",419.55,7,1,110,37%,446,163,57%,526,60
Bournemouth,2017/18,38,11,16,"2,681",36,133,6,"1,037",23%,707,11,161,45,61,1.61,1.18,523,10,367,52,1,77%,"16,131",424.50,3,1,111,34%,465,158,64%,508,55
Bournemouth,2016/17,38,12,16,"2,586",42,118,10,"1,091",19%,629,7,178,55,67,1.76,1.45,605,19,462,53,5,81%,"17,145",451.18,7,3,123,35%,451,160,74%,605,52
Bournemouth,2015/16,38,11,18,"2,664",30,142,7,951,22%,749,10,172,45,67,1.76,1.18,474,8,640,66,0,80%,"17,270",454.47,3,1,90,31%,464,143,73%,709,53
Bradford-City,2000/01,38,5,22,0,0,0,6,0,0%,0,0,0,30,70,1.84,0.79,0,0,0,0,2,0%,0,0.00,0,1,0,0%,0,0,0%,0,57
Bradford-City,1999/00,38,9,20,0,0,0,7,0,0%,0,0,0,38,68,1.79,1.00,0,0,0,0,3,0%,0,0.00,0,1,0,0%,0,0,0%,0,56
Brentford,2024/25,0,0,0,0,0,0,0,0,0%,0,0,0,0,0,0.00,0.00,0,0,0,0,0,0%,0,0.00,0,0,0,0%,0,0,0%,0,0
Brentford,2023/24,38,10,19,"2,614",80,120,7,865,28%,706,10,259,56,65,1.71,1.47,419,13,378,70,0,77%,"15,223",400.61,3,2,121,36%,473,172,59%,677,89
Brentford,2022/23,38,15,9,"2,585",66,85,12,770,26%,661,5,175,58,46,1.21,1.53,411,10,341,72,3,75%,"13,920",366.32,7,1,154,40%,408,162,57%,588,55
Brentford,2021/22,38,13,18,"2,671",50,126,9,809,24%,640,2,213,48,56,1.47,1.26,413,12,393,66,2,74%,"14,604",384.32,6,3,129,35%,442,155,56%,607,61
Brighton-and-Hove-Albion,2024/25,0,0,0,0,0,0,0,0,0%,0,0,0,0,0,0.00,0.00,0,0,0,0,0,0%,0,0.00,0,0,0,0%,0,0,0%,0,0
Brighton-and-Hove-Albion,2023/24,38,12,14,"2,211",67,167,6,572,27%,671,10,306,55,62,1.63,1.45,270,11,288,84,2,89%,"23,547",619.66,5,3,108,37%,561,208,57%,644,91
Brighton-and-Hove-Albion,2022/23,38,18,12,"2,258",79,164,12,412,24%,694,4,250,72,53,1.39,1.89,206,16,303,70,6,86%,"21,280",560.00,6,0,85,38%,613,232,55%,616,59
Brighton-and-Hove-Albion,2021/22,38,12,11,"2,482",49,140,11,684,26%,728,1,223,42,44,1.16,1.11,358,12,358,53,1,82%,"18,835",495.66,4,2,104,31%,489,152,60%,668,73
Brighton-and-Hove-Albion,2020/21,38,9,15,"2,404",46,156,12,560,24%,686,3,228,40,46,1.21,1.05,301,17,425,52,2,81%,"18,185",478.55,6,6,82,29%,487,143,53%,628,46
Brighton-and-Hove-Albion,2019/20,38,9,15,"2,701",48,129,9,704,22%,689,3,236,39,54,1.42,1.03,361,8,419,71,3,81%,"18,188",478.63,1,2,117,31%,462,143,59%,641,57
Brighton-and-Hove-Albion,2018/19,38,9,20,"2,914",34,89,7,921,29%,636,5,235,35,60,1.58,0.92,499,6,463,90,0,75%,"14,109",371.29,5,4,111,29%,371,108,58%,681,60
Brighton-and-Hove-Albion,2017/18,38,9,16,"2,784",39,99,10,"1,085",21%,680,4,215,34,54,1.42,0.89,625,8,449,98,5,75%,"14,675",386.18,5,2,124,31%,384,119,63%,599,54
Burnley,2023/24,538,177,232,"27,971",358,"1,018",141,"10,331",26%,"7,172",45,"1,865",630,766,1.42,1.17,"5,221",107,"4,299",893,22,72%,"133,502",248.14,28,27,"1,276",33%,"4,116","1,342",64%,"5,694",898
Burnley,2021/22,538,177,232,"27,971",358,"1,018",141,"10,331",26%,"7,172",45,"1,865",630,766,1.42,1.17,"5,221",107,"4,299",893,22,72%,"133,502",248.14,28,27,"1,276",33%,"4,116","1,342",64%,"5,694",898
Burnley,2020/21,538,177,232,"27,971",358,"1,018",141,"10,331",26%,"7,172",45,"1,865",630,766,1.42,1.17,"5,221",107,"4,299",893,22,72%,"133,502",248.14,28,27,"1,276",33%,"4,116","1,342",64%,"5,694",898
Burnley,2019/20,538,177,232,"27,971",358,"1,018",141,"10,331",26%,"7,172",45,"1,865",630,766,1.42,1.17,"5,221",107,"4,299",893,22,72%,"133,502",248.14,28,27,"1,276",33%,"4,116","1,342",64%,"5,694",898
Burnley,2018/19,538,177,232,"27,971",358,"1,018",141,"10,331",26%,"7,172",45,"1,865",630,766,1.42,1.17,"5,221",107,"4,299",893,22,72%,"133,502",248.14,28,27,"1,276",33%,"4,116","1,342",64%,"5,694",898
Burnley,2017/18,38,14,12,"3,041",33,99,12,"1,184",26%,707,3,177,36,39,1.03,0.95,640,9,401,100,1,71%,"13,572",357.16,0,0,122,34%,378,128,67%,533,65
Burnley,2016/17,38,11,20,"3,006",23,107,10,"1,237",27%,649,2,241,39,55,1.45,1.03,683,5,537,101,2,68%,"12,559",330.50,6,2,151,31%,392,120,71%,639,65
Burnley,2014/15,38,7,19,"3,105",30,123,10,"1,458",23%,783,1,202,28,53,1.39,0.74,999,13,568,64,2,70%,"13,632",358.74,1,2,128,29%,430,125,73%,615,64
Burnley,2009/10,38,8,24,"2,541",0,102,3,"1,552",20%,825,9,0,42,82,2.16,1.11,445,14,661,66,2,69%,"13,832",364.00,6,2,85,33%,459,153,76%,686,57
Cardiff-City,2018/19,38,10,24,"3,252",33,112,10,978,26%,562,8,196,34,69,1.82,0.89,448,14,528,77,0,64%,"10,226",269.11,3,1,141,30%,417,126,57%,655,66
Cardiff-City,2013/14,38,7,22,"2,686",34,110,7,"1,268",25%,792,6,85,32,74,1.95,0.84,702,10,491,81,0,76%,"14,033",369.29,1,1,157,30%,418,124,75%,619,49
Charlton-Athletic,2006/07,38,8,20,"2,325",0,78,11,"1,483",22%,750,0,0,34,60,1.58,0.89,0,11,340,96,2,68%,"12,722",334.79,4,4,5,32%,418,133,78%,919,56
Charlton-Athletic,2005/06,38,13,17,0,0,0,13,0,0%,0,0,0,41,55,1.45,1.08,0,0,0,0,2,0%,0,0.00,0,2,0,0%,0,0,0%,0,44
Charlton-Athletic,2004/05,38,12,16,0,0,0,12,0,0%,0,0,0,42,58,1.53,1.11,0,0,0,0,1,0%,0,0.00,0,3,0,0%,0,0,0%,0,40
Charlton-Athletic,2003/04,38,14,13,0,0,0,10,0,0%,0,0,0,51,51,1.34,1.34,0,0,0,0,0,0%,0,0.00,0,3,0,0%,0,0,0%,0,38
Charlton-Athletic,2002/03,38,14,17,0,0,0,8,0,0%,0,0,0,45,56,1.47,1.18,0,0,0,0,2,0%,0,0.00,0,2,0,0%,0,0,0%,0,58
Charlton-Athletic,2001/02,38,10,14,0,0,0,12,0,0%,0,0,0,38,49,1.29,1.00,0,0,0,0,1,100%,3,0.08,0,3,0,100%,3,3,0%,0,63
Charlton-Athletic,2000/01,38,14,14,0,0,0,14,0,0%,0,0,0,50,57,1.50,1.32,0,0,0,0,2,0%,0,0.00,0,3,0,0%,0,0,0%,0,45
Charlton-Athletic,1998/99,38,8,18,0,0,0,11,0,0%,0,0,0,41,56,1.47,1.08,0,0,0,0,2,0%,0,0.00,0,4,0,0%,0,0,0%,0,64
Chelsea,2024/25,0,0,0,0,0,0,0,0,0%,0,0,0,0,0,0.00,0.00,0,0,0,0,0,0%,0,0.00,0,0,0,0%,0,0,0%,0,0
Chelsea,2023/24,"1,538",848,344,"65,037","1,421","4,088",601,"21,122",24%,"19,529",126,"3,739","2,718","1,534",1,1.77,"8,651",385,"11,535","2,250",52,85%,"517,143",336.24,144,106,"1,816",35%,"15,659","5,542",70%,"18,155","2,428"
Chelsea,2022/23,38,11,16,"2,574",57,146,10,628,22%,693,7,227,38,47,1.24,1.00,312,15,341,74,3,86%,"21,149",556.55,3,3,116,33%,484,159,60%,740,77
Chelsea,2021/22,38,21,6,"2,456",73,176,16,616,21%,745,6,240,76,33,0.87,2.00,298,17,347,69,1,87%,"23,179",609.97,8,1,84,36%,592,211,56%,621,63
Chelsea,2020/21,"1,538",848,344,"65,037","1,421","4,088",601,"21,122",24%,"19,529",126,"3,739","2,718","1,534",1,1.77,"8,651",385,"11,535","2,250",52,85%,"517,143",336.24,144,106,"1,816",35%,"15,659","5,542",70%,"18,155","2,428"
Chelsea,2019/20,38,20,12,"2,894",75,178,9,586,25%,862,3,220,69,54,1.42,1.82,296,14,459,63,3,85%,"23,245",611.71,7,0,65,36%,625,223,57%,638,60
Chelsea,2018/19,38,21,8,"2,548",81,199,16,593,19%,692,3,169,63,39,1.03,1.66,330,21,351,83,0,88%,"25,070",659.74,5,0,85,33%,607,198,59%,618,49
Chelsea,2017/18,38,21,10,"2,771",60,173,16,768,21%,755,5,195,62,38,1.00,1.63,419,11,423,108,2,84%,"21,264",559.58,3,4,83,36%,606,220,67%,636,42
Chelsea,2016/17,38,30,5,"2,682",48,156,16,839,19%,688,5,198,85,33,0.87,2.24,484,17,510,64,1,84%,"20,125",529.61,2,0,69,35%,580,204,71%,652,72
Chelsea,2015/16,38,12,12,"2,793",47,157,9,790,19%,732,9,238,59,53,1.39,1.55,328,4,518,90,2,82%,"19,664",517.47,4,5,122,33%,526,173,76%,790,58
Chelsea,2014/15,38,26,3,"3,075",66,148,17,"1,027",22%,682,3,217,73,32,0.84,1.92,611,15,376,75,1,83%,"20,268",533.37,4,4,90,37%,564,210,81%,759,73
Chelsea,2013/14,38,25,6,"3,055",50,181,18,"1,141",25%,809,4,129,71,27,0.71,1.87,740,19,380,106,2,83%,"18,281",481.08,5,3,96,33%,692,229,77%,733,57
Chelsea,2012/13,38,22,7,"2,469",56,184,14,981,20%,863,3,0,75,39,1.03,1.97,341,7,504,80,2,83%,"18,452",485.58,9,3,15,34%,626,212,76%,710,51
Chelsea,2011/12,38,18,10,"2,034",50,158,10,881,24%,972,11,0,65,46,1.21,1.71,241,20,637,70,1,85%,"18,766",493.84,4,4,1,33%,671,224,78%,698,74
Chelsea,2010/11,38,21,9,"2,551",86,182,15,762,25%,995,6,0,69,33,0.87,1.82,258,21,616,113,1,84%,"19,236",506.21,6,1,0,33%,745,244,74%,769,59
Chelsea,2009/10,38,27,6,"2,448",0,207,18,"1,055",26%,"1,083",7,0,103,32,0.84,2.71,293,13,705,96,1,83%,"18,869",496.55,11,5,1,35%,834,288,73%,772,54
Chelsea,2008/09,38,25,5,"2,473",0,232,22,"1,069",25%,938,4,0,68,24,0.63,1.79,281,17,504,114,1,84%,"19,940",524.74,2,3,7,31%,797,248,75%,773,50
Chelsea,2007/08,38,25,3,"2,586",0,150,21,"1,687",21%,945,4,0,65,26,0.68,1.71,465,12,506,128,0,81%,"17,252",454.00,7,5,8,33%,605,199,76%,917,63
Chelsea,2006/07,38,24,3,"2,429",0,140,22,"1,206",25%,897,0,0,64,24,0.63,1.68,0,14,292,127,1,80%,"16,769",441.29,3,4,5,34%,636,216,78%,982,62
Chelsea,2005/06,38,29,5,0,0,0,20,0,0%,0,0,0,72,22,0.58,1.89,0,0,0,0,0,0%,0,0.00,0,5,0,0%,0,0,0%,0,63
Chelsea,2004/05,38,29,1,0,0,0,25,0,0%,0,0,0,72,15,0.39,1.89,0,0,0,0,1,0%,0,0.00,0,0,0,0%,0,0,0%,0,53
Chelsea,2003/04,38,24,7,0,0,0,21,0,0%,0,0,0,67,30,0.79,1.76,0,0,0,0,1,0%,0,0.00,0,3,0,0%,0,0,0%,0,45
Chelsea,2002/03,38,19,9,0,0,0,13,0,0%,0,0,0,68,38,1.00,1.79,0,0,0,0,3,0%,0,0.00,0,1,0,0%,0,0,0%,0,64
Chelsea,2001/02,38,17,8,0,0,0,15,0,0%,0,0,0,66,38,1.00,1.74,0,0,0,0,0,0%,0,0.00,0,3,0,0%,0,0,0%,0,69
Chelsea,2000/01,38,17,11,0,0,0,10,0,0%,0,0,0,68,45,1.18,1.79,0,0,0,0,0,0%,0,0.00,0,2,0,0%,0,0,0%,0,76
Chelsea,1999/00,38,18,9,0,0,0,17,0,0%,0,0,0,53,34,0.89,1.39,0,0,0,0,0,0%,0,0.00,0,4,0,0%,0,0,0%,0,59
Chelsea,1998/99,38,20,3,0,0,0,15,0,0%,0,0,0,57,30,0.79,1.50,0,0,0,0,1,0%,0,0.00,0,4,0,0%,0,0,0%,0,86
Chelsea,1997/98,38,20,15,0,0,0,14,0,0%,0,0,0,71,43,1.13,1.87,0,0,0,0,1,0%,0,0.00,0,3,0,0%,0,0,0%,0,66
Chelsea,1996/97,38,16,11,0,0,0,9,0,0%,0,0,0,58,55,1.45,1.53,0,0,0,0,4,0%,0,0.00,0,2,0,0%,0,0,0%,0,81
Chelsea,1995/96,38,12,12,0,0,0,12,0,0%,0,0,0,46,44,1.16,1.21,0,0,0,0,2,0%,0,0.00,0,3,0,0%,0,0,0%,0,67
Chelsea,1994/95,42,13,14,0,0,0,13,0,0%,0,0,0,50,55,1.31,1.19,0,0,0,0,3,0%,0,0.00,0,3,0,0%,0,0,0%,0,60
Chelsea,1993/94,42,13,17,0,0,0,11,0,0%,0,0,0,49,53,1.26,1.17,0,0,0,0,1,0%,0,0.00,0,2,0,0%,0,0,0%,0,29
Chelsea,1992/93,42,14,14,0,0,0,11,0,0%,0,0,0,51,54,1.29,1.21,0,0,0,0,2,0%,0,0.00,0,2,0,0%,0,0,0%,0,45
Coventry-City,2000/01,38,8,20,0,0,0,6,0,0%,0,0,0,36,63,1.66,0.95,0,0,0,0,0,0%,0,0.00,0,4,0,0%,0,0,0%,0,76
Coventry-City,1999/00,38,12,18,0,0,0,9,0,0%,0,0,0,47,54,1.42,1.24,0,0,0,0,1,0%,0,0.00,0,2,0,0%,0,0,0%,0,54
Coventry-City,1998/99,38,11,18,0,0,0,7,0,0%,0,0,0,39,51,1.34,1.03,0,0,0,0,0,0%,0,0.00,0,1,0,0%,0,0,0%,0,76
Coventry-City,1997/98,38,12,10,0,0,0,13,0,0%,0,0,0,46,44,1.16,1.21,0,0,0,0,0,0%,0,0.00,0,5,0,0%,0,0,0%,0,69
Coventry-City,1996/97,38,9,15,0,0,0,9,0,0%,0,0,0,38,54,1.42,1.00,0,0,0,0,3,0%,0,0.00,0,5,0,0%,0,0,0%,0,49
Coventry-City,1995/96,38,8,16,0,0,0,10,0,0%,0,0,0,42,60,1.58,1.11,0,0,0,0,0,0%,0,0.00,0,3,0,0%,0,0,0%,0,61
Coventry-City,1994/95,42,12,16,0,0,0,14,0,0%,0,0,0,44,62,1.48,1.05,0,0,0,0,4,0%,0,0.00,0,3,0,0%,0,0,0%,0,52
Coventry-City,1993/94,656,208,257,"2,752",54,228,177,917,49%,"1,044",8,256,773,880,1.34,1.18,430,23,358,143,26,80%,"16,251",24.77,5,47,195,36%,847,309,63%,592,932
Coventry-City,1992/93,42,13,16,0,0,0,11,0,0%,0,0,0,52,57,1.36,1.24,0,0,0,0,2,0%,0,0.00,0,1,0,0%,0,0,0%,0,32
Crystal-Palace,2024/25,0,0,0,0,0,0,0,0,0%,0,0,0,0,0,0.00,0.00,0,0,0,0,0,0%,0,0.00,0,0,0,0%,0,0,0%,0,0
Crystal-Palace,2023/24,38,13,15,"2,664",59,131,10,868,25%,583,4,355,57,58,1.53,1.50,425,8,322,72,2,79%,"15,252",401.37,4,2,99,37%,456,169,59%,788,69
Crystal-Palace,2022/23,38,11,15,"2,531",39,138,9,788,23%,591,3,263,40,50,1.32,1.05,398,10,359,58,4,79%,"15,707",413.34,1,3,116,32%,426,136,61%,690,80
Crystal-Palace,2021/22,38,11,12,"2,722",41,112,12,731,23%,643,1,242,50,46,1.21,1.32,360,11,333,63,2,80%,"17,309",455.50,6,1,101,36%,412,147,59%,636,67
Crystal-Palace,2020/21,38,12,18,"2,814",33,99,8,727,26%,533,5,227,41,66,1.74,1.08,341,10,397,67,0,76%,"14,067",370.18,3,2,109,38%,349,132,58%,636,54
Crystal-Palace,2019/20,38,11,17,"3,157",33,102,10,802,24%,588,7,233,31,50,1.32,0.82,374,8,444,53,2,76%,"14,688",386.53,3,3,126,32%,376,120,57%,686,62
Crystal-Palace,2018/19,38,14,17,"2,868",40,139,12,940,24%,577,5,224,51,53,1.39,1.34,467,16,446,78,1,77%,"15,243",401.13,10,2,113,30%,493,148,61%,730,58
Crystal-Palace,2017/18,38,11,16,"3,090",53,133,9,"1,022",24%,703,11,229,45,55,1.45,1.18,517,8,552,56,2,75%,"14,372",378.21,8,0,122,32%,476,151,65%,685,72
Crystal-Palace,2016/17,38,12,21,"3,206",41,113,7,"1,022",26%,871,10,226,50,63,1.66,1.32,537,8,552,55,0,73%,"13,543",356.39,4,0,107,31%,439,138,72%,698,77
Crystal-Palace,2015/16,38,11,18,"2,799",44,118,8,963,23%,969,9,239,39,51,1.34,1.03,429,12,698,81,4,74%,"13,785",362.76,4,2,122,33%,469,153,77%,649,60
Crystal-Palace,2014/15,38,13,16,"3,350",34,132,7,"1,270",21%,834,12,250,47,51,1.34,1.24,779,14,600,77,0,69%,"12,071",317.66,5,4,94,32%,441,139,78%,791,63
Crystal-Palace,2013/14,38,13,19,"3,237",29,91,12,"1,409",22%,706,2,123,33,48,1.26,0.87,852,9,695,71,2,71%,"11,826",311.21,5,2,119,35%,414,143,76%,845,58
Crystal-Palace,2004/05,756,246,317,"36,927",528,"1,525",208,"11,750",24%,"8,832",75,"3,042",895,"1,039",1.37,1.18,"6,068",133,"6,182",868,30,77%,"188,473",249.3,64,38,"1,437",34%,"5,623","1,909",66%,"8,940","1,144"
Crystal-Palace,1997/98,38,8,21,0,0,0,6,0,0%,0,0,0,37,71,1.87,0.97,0,0,0,0,1,0%,0,0.00,0,3,0,0%,0,0,0%,0,72
Crystal-Palace,1994/95,42,11,19,0,0,0,15,0,0%,0,0,0,34,49,1.17,0.81,0,0,0,0,1,0%,0,0.00,0,1,0,0%,0,0,0%,0,60
Crystal-Palace,1992/93,42,11,15,0,0,0,11,0,0%,0,0,0,48,61,1.45,1.14,0,0,0,0,1,0%,0,0.00,0,3,0,0%,0,0,0%,0,28
Everton,2024/25,0,0,0,0,0,0,0,0,0%,0,0,0,0,0,0.00,0.00,0,0,0,0,0,0%,0,0.00,0,0,0,0%,0,0,0%,0,0
Everton,2023/24,38,13,16,"2,724",63,129,13,839,23%,752,8,326,40,51,1.34,1.05,419,18,358,89,3,76%,"13,764",362.21,2,1,121,32%,507,162,59%,743,80
Everton,2022/23,38,8,18,"2,563",49,122,9,829,23%,704,7,198,35,57,1.50,0.92,432,6,390,64,0,77%,"14,152",372.42,3,2,128,35%,429,152,60%,708,79
Everton,2021/22,38,11,21,"2,704",33,147,8,775,25%,653,10,206,43,66,1.74,1.13,379,8,365,53,5,73%,"12,944",340.63,6,6,128,32%,437,138,57%,705,78
Everton,2020/21,38,17,13,"2,732",48,100,12,803,21%,662,6,219,47,48,1.26,1.24,408,10,392,65,1,81%,"17,132",450.84,4,2,114,37%,400,148,60%,640,59
Everton,2019/20,38,13,15,"3,177",59,131,9,731,24%,804,8,260,44,56,1.47,1.16,393,13,408,58,3,78%,"15,826",416.47,1,3,95,35%,469,162,61%,671,70
Everton,2018/19,"1,329",496,484,"53,178",854,"2,673",398,"22,518",24%,"16,285",133,"2,919","1,755","1,727",1.3,1.32,"8,685",243,"9,550","1,597",65,78%,"312,793",235.36,74,114,"1,542",34%,"10,078","3,457",70%,"14,323","2,065"
Everton,2017/18,38,13,15,"2,806",41,86,10,"1,229",25%,629,8,280,44,58,1.53,1.16,617,7,514,82,1,74%,"14,749",388.13,5,3,121,34%,359,121,69%,644,51
Everton,2016/17,38,17,11,"2,844",51,131,13,"1,117",22%,767,4,264,62,44,1.16,1.63,611,11,461,82,1,79%,"17,584",462.74,3,2,96,38%,502,191,74%,714,72
Everton,2015/16,38,11,13,"2,549",62,146,10,994,21%,782,10,170,59,55,1.45,1.55,440,18,511,55,1,81%,"17,947",472.29,4,5,127,36%,491,175,74%,730,44
Everton,2014/15,38,12,15,"2,611",45,138,10,"1,280",19%,690,15,223,48,50,1.32,1.26,737,11,444,83,2,82%,"18,809",494.97,4,2,80,34%,483,166,80%,657,66
Everton,2013/14,38,21,8,"2,733",40,156,15,"1,103",22%,848,6,122,61,39,1.03,1.61,672,14,463,80,4,84%,"18,319",482.08,3,1,117,35%,561,196,77%,744,55
Everton,2012/13,38,16,7,"2,834",73,173,11,"1,172",24%,989,7,0,55,40,1.05,1.45,348,21,592,100,2,79%,"15,844",416.95,2,3,8,33%,633,207,75%,720,59
Everton,2011/12,38,15,12,"2,095",48,139,12,"1,130",24%,877,5,0,50,40,1.05,1.32,289,12,617,116,3,77%,"15,069",396.55,5,2,2,32%,520,164,78%,624,60
Everton,2010/11,38,13,10,"2,657",58,173,9,"1,265",26%,"1,019",6,0,51,45,1.18,1.34,310,8,470,78,2,76%,"14,371",378.18,3,5,0,31%,580,181,73%,768,55
Everton,2009/10,38,16,9,"2,767",0,174,11,"1,601",23%,"1,022",5,0,60,49,1.29,1.58,416,12,827,94,3,76%,"14,845",390.66,5,2,9,33%,589,194,74%,768,57
Everton,2008/09,38,17,9,"2,442",0,109,17,"1,602",24%,"1,022",4,0,55,37,0.97,1.45,456,12,660,99,2,75%,"15,070",396.58,4,1,20,34%,496,169,78%,775,49
Everton,2007/08,38,19,11,"2,310",0,113,14,"2,136",23%,877,4,0,55,33,0.87,1.45,523,4,496,73,1,69%,"12,397",326.24,1,3,0,36%,474,169,77%,816,40
Everton,2006/07,38,15,10,"2,384",0,101,14,"1,386",22%,867,0,0,52,36,0.95,1.37,0,9,303,81,3,65%,"12,274",323.00,8,2,12,33%,465,153,78%,860,65
Everton,2005/06,38,14,16,0,0,0,13,0,0%,0,0,0,34,49,1.29,0.89,0,0,0,0,3,0%,0,0.00,0,7,0,0%,0,0,0%,0,62
Everton,2004/05,38,18,13,0,0,0,13,0,0%,0,0,0,45,46,1.21,1.18,0,0,0,0,0,0%,0,0.00,0,4,0,0%,0,0,0%,0,54
Everton,2003/04,38,9,17,0,0,0,10,0,0%,0,0,0,45,57,1.50,1.18,0,0,0,0,1,0%,0,0.00,0,3,0,0%,0,0,0%,0,53
Everton,2002/03,38,17,13,0,0,0,11,0,0%,0,0,0,48,49,1.29,1.26,0,0,0,0,4,0%,0,0.00,0,7,0,0%,0,0,0%,0,55
Everton,2001/02,38,11,17,0,0,0,11,0,0%,0,0,0,45,57,1.50,1.18,0,0,0,0,0,0%,0,0.00,0,3,0,0%,0,0,0%,0,57
Everton,2000/01,38,11,18,137,1,3,6,26,62%,13,0,9,45,59,1.55,1.18,10,0,9,2,4,55%,355,9.34,1,4,2,43%,14,6,64%,22,78
Everton,1999/00,38,12,12,0,0,0,11,0,0%,0,0,0,59,49,1.29,1.55,0,0,0,0,1,0%,0,0.00,0,6,0,0%,0,0,0%,0,57
Everton,1998/99,38,11,17,0,0,0,14,0,0%,0,0,0,42,47,1.24,1.11,0,0,0,0,1,0%,0,0.00,0,5,0,0%,0,0,0%,0,91
Everton,1997/98,38,9,16,0,0,0,10,0,0%,0,0,0,41,56,1.47,1.08,0,0,0,0,2,0%,0,0.00,0,5,0,0%,0,0,0%,0,79
Everton,1996/97,38,10,16,0,0,0,10,0,0%,0,0,0,44,57,1.50,1.16,0,0,0,0,3,0%,0,0.00,0,2,0,0%,0,0,0%,0,60
Everton,1995/96,38,17,11,0,0,0,15,0,0%,0,0,0,64,44,1.16,1.68,0,0,0,0,1,0%,0,0.00,0,3,0,0%,0,0,0%,0,66
Everton,1994/95,42,11,14,0,0,0,15,0,0%,0,0,0,44,51,1.21,1.05,0,0,0,0,1,0%,0,0.00,0,6,0,0%,0,0,0%,0,69
Everton,1993/94,42,12,22,0,0,0,11,0,0%,0,0,0,42,63,1.50,1.00,0,0,0,0,2,0%,0,0.00,0,0,0,0%,0,0,0%,0,33
Everton,1992/93,42,15,19,0,0,0,11,0,0%,0,0,0,53,55,1.31,1.26,0,0,0,0,0,0%,0,0.00,0,3,0,0%,0,0,0%,0,29
Fulham,2024/25,0,0,0,0,0,0,0,0,0%,0,0,0,0,0,0.00,0.00,0,0,0,0,0,0%,0,0.00,0,0,0,0%,0,0,0%,0,0
Fulham,2023/24,38,13,17,"2,296",52,129,10,716,24%,736,6,289,55,61,1.61,1.45,348,19,371,51,4,83%,"18,587",489.13,2,4,134,36%,501,180,57%,679,78
Fulham,2022/23,38,15,16,"2,337",40,116,9,714,26%,769,4,225,55,53,1.39,1.45,377,15,340,60,2,80%,"16,197",426.24,5,1,146,35%,429,149,56%,626,80
Fulham,2020/21,38,5,20,"2,780",35,118,9,751,23%,710,4,260,27,55,1.45,0.71,381,12,437,43,1,81%,"17,796",468.32,3,3,120,31%,442,136,55%,601,67
Fulham,2018/19,38,7,26,"2,781",48,116,5,971,23%,611,12,209,34,81,2.13,0.89,443,13,433,90,2,80%,"17,699",465.76,2,2,147,32%,454,146,61%,591,68
Fulham,2013/14,38,9,24,"2,665",48,97,5,"1,351",21%,708,9,122,40,85,2.24,1.05,779,11,499,86,5,79%,"14,689",386.55,2,1,154,35%,431,149,78%,702,58
Fulham,2012/13,38,11,17,"2,490",39,115,8,"1,274",21%,733,9,0,50,60,1.58,1.32,367,19,745,74,0,82%,"16,957",446.24,6,3,5,35%,460,160,79%,680,48
Fulham,2011/12,38,14,14,"2,060",46,150,11,"1,005",22%,649,7,0,48,51,1.34,1.26,257,24,644,85,2,82%,"17,669",464.97,3,0,0,36%,541,195,77%,669,54
Fulham,2010/11,38,11,11,"2,676",49,146,14,"1,513",24%,865,9,0,49,43,1.13,1.29,467,10,668,100,5,76%,"16,345",430.13,2,1,0,31%,547,172,74%,799,52
Fulham,2009/10,38,12,16,"2,522",0,136,12,"1,459",25%,727,1,0,39,46,1.21,1.03,399,7,752,92,5,74%,"16,513",434.55,4,1,11,31%,463,144,74%,745,46
Fulham,2008/09,38,14,13,"2,338",0,142,15,"1,632",23%,765,8,0,39,34,0.89,1.03,488,11,667,92,0,76%,"16,149",424.97,5,1,9,29%,511,149,73%,812,40
Fulham,2007/08,38,8,18,"2,182",0,102,7,"2,072",22%,849,4,0,38,60,1.58,1.00,509,7,466,91,2,71%,"12,583",331.13,2,6,2,33%,469,154,77%,851,55
Fulham,2006/07,38,8,15,"2,398",0,100,7,"1,386",27%,895,0,0,38,60,1.58,1.00,0,8,198,94,2,65%,"11,820",311.05,3,3,12,31%,451,142,75%,901,56
Fulham,2005/06,38,14,18,0,0,0,10,0,0%,0,0,0,48,58,1.53,1.26,0,0,0,0,6,0%,0,0.00,0,2,0,0%,0,0,0%,0,65
Fulham,2004/05,38,12,18,0,0,0,8,0,0%,0,0,0,52,60,1.58,1.37,0,0,0,0,4,0%,0,0.00,0,7,0,0%,0,0,0%,0,56
Fulham,2003/04,38,14,14,0,0,0,15,0,0%,0,0,0,52,46,1.21,1.37,0,0,0,0,1,0%,0,0.00,0,3,0,0%,0,0,0%,0,65
Fulham,2002/03,38,13,16,0,0,0,11,0,0%,0,0,0,41,50,1.32,1.08,0,0,0,0,3,0%,0,0.00,0,6,0,0%,0,0,0%,0,58
Fulham,2001/02,38,10,14,0,0,0,15,0,0%,0,0,0,36,44,1.16,0.95,0,0,0,0,1,0%,0,0.00,0,2,0,50%,2,1,0%,0,55
Huddersfield-Town,2018/19,38,3,28,"3,018",27,114,5,658,22%,769,11,232,22,76,2.00,0.58,246,11,530,63,1,76%,"15,902",418.47,1,4,114,30%,400,118,60%,710,55
Huddersfield-Town,2017/18,38,9,19,"2,978",29,110,10,"1,070",18%,765,10,249,28,58,1.53,0.74,490,8,519,67,1,74%,"14,960",393.68,2,3,103,30%,362,109,67%,744,62
Hull-City,2016/17,38,9,22,"2,442",23,88,5,"1,110",21%,736,5,213,37,80,2.11,0.97,592,10,565,71,5,77%,"15,610",410.79,3,5,137,32%,397,126,73%,637,67
Hull-City,2014/15,38,8,19,"3,059",27,107,10,"1,316",24%,804,8,241,33,51,1.34,0.87,761,11,607,72,0,76%,"14,864",391.16,1,6,102,31%,428,131,75%,763,73
Hull-City,2013/14,38,10,21,"2,744",30,115,10,"1,048",24%,853,3,131,38,53,1.39,1.00,587,16,616,86,2,77%,"15,321",403.18,2,4,106,31%,427,132,75%,723,53
Hull-City,2009/10,38,6,20,"2,688",0,101,7,"1,528",22%,753,7,0,34,75,1.97,0.89,391,6,674,86,5,68%,"11,757",309.39,6,6,4,31%,388,120,75%,760,64
Hull-City,2008/09,38,8,19,"2,686",0,111,6,"1,677",25%,930,12,0,39,64,1.68,1.03,487,9,624,141,4,68%,"11,818",311.00,3,3,0,31%,476,149,74%,811,71
Ipswich-Town,2024/25,0,0,0,0,0,0,0,0,0%,0,0,0,0,0,0.00,0.00,0,0,0,0,0,0%,0,0.00,0,0,0,0%,0,0,0%,0,0
Ipswich-Town,2001/02,38,9,20,0,0,0,8,0,0%,0,0,0,41,64,1.68,1.08,0,0,0,0,1,100%,2,0.05,0,1,0,100%,2,2,0%,0,44
Ipswich-Town,2000/01,559,203,212,"2,401",47,179,169,707,48%,934,7,284,724,732,1.31,1.3,329,22,314,124,17,80%,"15,405",27.56,2,30,146,37%,727,266,65%,505,762
Ipswich-Town,1994/95,559,203,212,"2,401",47,179,169,707,48%,934,7,284,724,732,1.31,1.3,329,22,314,124,17,80%,"15,405",27.56,2,30,146,37%,727,266,65%,505,762
Ipswich-Town,1993/94,559,203,212,"2,401",47,179,169,707,48%,934,7,284,724,732,1.31,1.3,329,22,314,124,17,80%,"15,405",27.56,2,30,146,37%,727,266,65%,505,762
Ipswich-Town,1992/93,559,203,212,"2,401",47,179,169,707,48%,934,7,284,724,732,1.31,1.3,329,22,314,124,17,80%,"15,405",27.56,2,30,146,37%,727,266,65%,505,762
Leeds-United,2024/25,0,0,0,0,0,0,0,0,0%,0,0,0,0,0,0.00,0.00,0,0,0,0,0,0%,0,0.00,0,0,0,0%,0,0,0%,0,0
Leeds-United,2023/24,0,0,0,0,0,0,0,0,0%,0,0,0,0,0,0.00,0.00,0,0,0,0,0,0%,0,0.00,0,0,0,0%,0,0,0%,0,0
Leeds-United,2022/23,38,7,21,"2,689",41,146,5,709,25%,653,9,283,48,78,2.05,1.26,330,6,392,60,1,75%,"15,160",398.95,1,3,110,31%,462,145,57%,840,84
Leeds-United,2021/22,38,9,18,"2,437",44,137,5,604,19%,648,6,307,42,79,2.08,1.11,268,18,395,63,1,78%,"16,503",434.29,5,3,147,32%,485,154,55%,786,101
Leeds-United,2020/21,38,18,15,"2,558",60,126,12,611,21%,786,5,268,62,54,1.42,1.63,293,18,397,76,2,81%,"18,652",490.84,4,1,148,38%,522,199,56%,740,61
Leeds-United,2019/20,0,0,0,0,0,0,0,0,0%,0,0,0,0,0,0.00,0.00,0,0,0,0,0,0%,0,0.00,0,0,0,0%,0,0,0%,0,0
Leeds-United,2018/19,0,0,0,0,0,0,0,0,0%,0,0,0,0,0,0.00,0.00,0,0,0,0,0,0%,0,0.00,0,0,0,0%,0,0,0%,0,0
Leeds-United,2017/18,0,0,0,0,0,0,0,0,0%,0,0,0,0,0,0.00,0.00,0,0,0,0,0,0%,0,0.00,0,0,0,0%,0,0,0%,0,0
Leeds-United,2016/17,0,0,0,0,0,0,0,0,0%,0,0,0,0,0,0.00,0.00,0,0,0,0,0,0%,0,0.00,0,0,0,0%,0,0,0%,0,0
Leeds-United,2015/16,0,0,0,0,0,0,0,0,0%,0,0,0,0,0,0.00,0.00,0,0,0,0,0,0%,0,0.00,0,0,0,0%,0,0,0%,0,0
Leeds-United,2014/15,0,0,0,0,0,0,0,0,0%,0,0,0,0,0,0.00,0.00,0,0,0,0,0,0%,0,0.00,0,0,0,0%,0,0,0%,0,0
Leeds-United,2013/14,0,0,0,0,0,0,0,0,0%,0,0,0,0,0,0.00,0.00,0,0,0,0,0,0%,0,0.00,0,0,0,0%,0,0,0%,0,0
Leeds-United,2012/13,0,0,0,0,0,0,0,0,0%,0,0,0,0,0,0.00,0.00,0,0,0,0,0,0%,0,0.00,0,0,0,0%,0,0,0%,0,0
Leeds-United,2011/12,0,0,0,0,0,0,0,0,0%,0,0,0,0,0,0.00,0.00,0,0,0,0,0,0%,0,0.00,0,0,0,0%,0,0,0%,0,0
Leeds-United,2010/11,0,0,0,0,0,0,0,0,0%,0,0,0,0,0,0.00,0.00,0,0,0,0,0,0%,0,0.00,0,0,0,0%,0,0,0%,0,0
Leeds-United,2009/10,0,0,0,0,0,0,0,0,0%,0,0,0,0,0,0.00,0.00,0,0,0,0,0,0%,0,0.00,0,0,0,0%,0,0,0%,0,0
Leeds-United,2008/09,0,0,0,0,0,0,0,0,0%,0,0,0,0,0,0.00,0.00,0,0,0,0,0,0%,0,0.00,0,0,0,0%,0,0,0%,0,0
Leeds-United,2007/08,0,0,0,0,0,0,0,0,0%,0,0,0,0,0,0.00,0.00,0,0,0,0,0,0%,0,0.00,0,0,0,0%,0,0,0%,0,0
Leeds-United,2006/07,0,0,0,0,0,0,0,0,0%,0,0,0,0,0,0.00,0.00,0,0,0,0,0,0%,0,0.00,0,0,0,0%,0,0,0%,0,0
Leeds-United,2005/06,0,0,0,0,0,0,0,0,0%,0,0,0,0,0,0.00,0.00,0,0,0,0,0,0%,0,0.00,0,0,0,0%,0,0,0%,0,0
Leeds-United,2004/05,0,0,0,0,0,0,0,0,0%,0,0,0,0,0,0.00,0.00,0,0,0,0,0,0%,0,0.00,0,0,0,0%,0,0,0%,0,0
Leeds-United,2003/04,38,8,21,0,0,0,3,0,0%,0,0,0,40,79,2.08,1.05,0,0,0,0,2,0%,0,0.00,0,5,0,0%,0,0,0%,0,70
Leeds-United,2002/03,38,14,19,0,0,0,10,0,0%,0,0,0,58,57,1.50,1.53,0,0,0,0,2,0%,0,0.00,0,2,0,0%,0,0,0%,0,69
Leeds-United,2001/02,38,18,8,0,0,0,18,0,0%,0,0,0,53,37,0.97,1.39,0,0,0,0,2,0%,0,0.00,0,5,0,0%,0,0,0%,0,69
Leeds-United,2000/01,38,20,10,0,0,0,11,0,0%,0,0,0,64,43,1.13,1.68,0,0,0,0,2,0%,0,0.00,0,3,0,0%,0,0,0%,0,70
Leeds-United,1999/00,812,325,295,"10,897",224,645,239,"2,862",29%,"3,212",26,"1,184","1,120","1,080",1.33,1.38,"1,309",65,"1,618",356,26,80%,"73,675",90.73,17,57,607,35%,"2,388",835,58%,"3,149","1,396"
Leeds-United,1998/99,38,18,7,0,0,0,15,0,0%,0,0,0,62,34,0.89,1.63,0,0,0,0,0,0%,0,0.00,0,1,0,0%,0,0,0%,0,78
Leeds-United,1997/98,38,17,13,0,0,0,11,0,0%,0,0,0,57,46,1.21,1.50,0,0,0,0,0,0%,0,0.00,0,5,0,0%,0,0,0%,0,75
Leeds-United,1996/97,38,11,14,0,0,0,20,0,0%,0,0,0,28,38,1.00,0.74,0,0,0,0,1,0%,0,0.00,0,1,0,0%,0,0,0%,0,79
Leeds-United,1995/96,38,12,19,0,0,0,10,0,0%,0,0,0,40,57,1.50,1.05,0,0,0,0,1,0%,0,0.00,0,3,0,0%,0,0,0%,0,59
Leeds-United,1994/95,42,20,9,0,0,0,17,0,0%,0,0,0,59,38,0.90,1.40,0,0,0,0,0,0%,0,0.00,0,0,0,0%,0,0,0%,0,69
Leeds-United,1993/94,42,18,8,0,0,0,18,0,0%,0,0,0,65,39,0.93,1.55,0,0,0,0,2,0%,0,0.00,0,0,0,0%,0,0,0%,0,35
Leeds-United,1992/93,42,12,15,0,0,0,11,0,0%,0,0,0,57,62,1.48,1.36,0,0,0,0,1,0%,0,0.00,0,0,0,0%,0,0,0%,0,42
Leicester-City,2024/25,0,0,0,0,0,0,0,0,0%,0,0,0,0,0,0.00,0.00,0,0,0,0,0,0%,0,0.00,0,0,0,0%,0,0,0%,0,0
Leicester-City,2022/23,38,9,22,"2,415",60,112,7,723,24%,496,6,249,51,68,1.79,1.34,404,13,367,83,5,80%,"17,365",456.97,3,2,116,36%,418,152,59%,699,59
Leicester-City,2021/22,38,14,14,"2,445",51,118,7,727,18%,556,4,232,62,59,1.55,1.63,388,9,367,60,1,82%,"18,578",488.89,2,1,135,39%,435,169,56%,690,55
Leicester-City,2020/21,38,20,12,"2,674",53,145,11,629,18%,649,4,244,68,50,1.32,1.79,350,13,438,71,2,82%,"19,577",515.18,10,0,88,38%,485,185,59%,681,61
Leicester-City,2019/20,38,18,12,"2,897",69,140,13,700,21%,779,4,270,67,43,1.13,1.76,344,12,423,64,3,83%,"19,915",524.08,5,3,96,35%,540,191,58%,742,41
Leicester-City,2018/19,38,15,16,"3,074",59,133,10,945,21%,779,4,210,51,48,1.26,1.34,500,10,436,72,0,79%,"17,219",453.13,5,5,90,36%,515,184,58%,676,57
Leicester-City,2017/18,38,12,15,"2,992",47,116,9,920,19%,744,5,211,56,60,1.58,1.47,487,8,413,92,2,75%,"15,200",400.00,5,5,107,35%,423,149,66%,630,52
Leicester-City,2016/17,38,12,18,"2,824",42,123,9,"1,028",19%,732,2,228,48,63,1.66,1.26,546,9,531,65,2,70%,"13,674",359.84,4,1,131,33%,433,145,72%,677,72
Leicester-City,2015/16,38,23,3,"3,069",76,128,15,"1,040",23%,762,1,205,68,36,0.95,1.79,464,11,819,50,0,71%,"13,370",351.84,10,3,99,34%,522,179,76%,869,48
Leicester-City,2014/15,38,11,19,"3,248",46,112,10,"1,177",22%,912,8,216,46,55,1.45,1.21,701,12,750,60,5,71%,"13,343",351.13,3,4,124,30%,456,137,77%,791,49
Leicester-City,2003/04,38,6,17,0,0,0,9,0,0%,0,0,0,48,65,1.71,1.26,0,0,0,0,8,0%,0,0.00,0,7,0,0%,0,0,0%,0,62
Leicester-City,2001/02,38,5,20,0,0,0,7,0,0%,0,0,0,30,64,1.68,0.79,0,0,0,0,1,0%,0,0.00,0,5,0,0%,0,0,0%,0,76
Leicester-City,2000/01,38,14,18,0,0,0,11,0,0%,0,0,0,39,51,1.34,1.03,0,0,0,0,0,0%,0,0.00,0,2,0,0%,0,0,0%,0,57
Leicester-City,1999/00,38,16,15,0,0,0,8,0,0%,0,0,0,55,55,1.45,1.45,0,0,0,0,3,0%,0,0.00,0,3,0,0%,0,0,0%,0,44
Leicester-City,1998/99,38,12,13,0,0,0,14,0,0%,0,0,0,40,46,1.21,1.05,0,0,0,0,1,0%,0,0.00,0,1,0,0%,0,0,0%,0,51
Leicester-City,1997/98,38,13,11,0,0,0,15,0,0%,0,0,0,51,41,1.08,1.34,0,0,0,0,1,0%,0,0.00,0,2,0,0%,0,0,0%,0,46
Leicester-City,1996/97,38,12,15,0,0,0,9,0,0%,0,0,0,46,54,1.42,1.21,0,0,0,0,1,0%,0,0.00,0,1,0,0%,0,0,0%,0,51
Leicester-City,1994/95,42,6,25,0,0,0,4,0,0%,0,0,0,45,80,1.90,1.07,0,0,0,0,2,0%,0,0.00,0,8,0,0%,0,0,0%,0,63
Liverpool,2024/25,0,0,0,0,0,0,0,0,0%,0,0,0,0,0,0.00,0.00,0,0,0,0,0,0%,0,0.00,0,0,0,0%,0,0,0%,0,0
Liverpool,2023/24,38,24,4,"2,558",102,222,10,565,28%,817,8,349,86,41,1.08,2.26,283,25,292,100,2,86%,"22,515",592.50,6,5,111,35%,790,277,62%,677,65
Liverpool,2022/23,38,19,9,"2,198",103,165,14,540,26%,799,7,235,75,49,1.29,1.97,269,16,333,84,2,84%,"22,401",589.50,2,1,114,35%,605,212,63%,590,57
Liverpool,2021/22,38,28,2,"2,329",97,214,21,499,25%,897,2,211,94,26,0.68,2.47,230,10,341,63,1,85%,"23,588",620.74,7,1,82,35%,729,256,58%,554,50
Liverpool,2020/21,38,20,9,"2,328",82,173,12,544,20%,862,11,221,68,42,1.11,1.79,248,12,347,65,0,86%,"24,292",639.26,6,0,100,35%,608,214,58%,526,40
Liverpool,2019/20,"1,481",810,336,"61,030","1,491","4,014",558,"20,313",23%,"19,922",167,"3,824","2,702","1,518",1.02,1.82,"7,907",426,"10,581","2,010",51,83%,"501,565",338.67,120,68,"1,552",35%,"15,455","5,362",70%,"17,649","1,867"
Liverpool,2018/19,"1,481",810,336,"61,030","1,491","4,014",558,"20,313",23%,"19,922",167,"3,824","2,702","1,518",1.02,1.82,"7,907",426,"10,581","2,010",51,83%,"501,565",338.67,120,68,"1,552",35%,"15,455","5,362",70%,"17,649","1,867"
Liverpool,2017/18,"1,481",810,336,"61,030","1,491","4,014",558,"20,313",23%,"19,922",167,"3,824","2,702","1,518",1.02,1.82,"7,907",426,"10,581","2,010",51,83%,"501,565",338.67,120,68,"1,552",35%,"15,455","5,362",70%,"17,649","1,867"
Liverpool,2016/17,"1,481",810,336,"61,030","1,491","4,014",558,"20,313",23%,"19,922",167,"3,824","2,702","1,518",1.02,1.82,"7,907",426,"10,581","2,010",51,83%,"501,565",338.67,120,68,"1,552",35%,"15,455","5,362",70%,"17,649","1,867"
Liverpool,2015/16,"1,481",810,336,"61,030","1,491","4,014",558,"20,313",23%,"19,922",167,"3,824","2,702","1,518",1.02,1.82,"7,907",426,"10,581","2,010",51,83%,"501,565",338.67,120,68,"1,552",35%,"15,455","5,362",70%,"17,649","1,867"
Liverpool,2014/15,38,18,12,"2,817",38,165,14,"1,175",23%,638,9,203,52,48,1.26,1.37,628,12,442,75,2,83%,"19,374",509.84,5,3,93,33%,590,192,77%,798,66
Liverpool,2013/14,38,26,6,"2,858",88,130,10,"1,339",21%,643,14,142,101,50,1.32,2.66,745,27,465,78,6,84%,"19,612",516.11,10,1,107,40%,651,258,76%,848,54
Liverpool,2012/13,38,16,9,"2,495",77,211,16,914,19%,794,10,0,71,43,1.13,1.87,231,19,526,110,1,84%,"19,831",521.87,5,2,9,31%,739,232,78%,795,54
Liverpool,2011/12,38,14,14,"2,378",60,152,12,720,22%,"1,103",9,0,47,40,1.05,1.24,213,33,505,128,3,81%,"18,797",494.66,1,5,0,31%,667,207,74%,728,53
Liverpool,2010/11,38,17,14,"2,692",51,148,14,"1,073",20%,824,4,0,59,44,1.16,1.55,287,12,592,87,3,77%,"16,734",440.37,6,2,0,35%,582,205,69%,908,63
Liverpool,2009/10,38,18,11,"2,744",0,184,17,"1,094",20%,"1,017",5,0,61,35,0.92,1.61,311,20,763,62,2,79%,"18,590",489.21,3,5,4,29%,642,189,74%,958,55
Liverpool,2008/09,38,25,2,"2,541",0,164,20,"1,279",24%,"1,021",5,0,77,27,0.71,2.03,378,26,657,98,3,81%,"19,508",513.37,5,0,5,30%,736,224,75%,927,50
Liverpool,2007/08,38,21,4,"2,718",0,151,18,"1,952",26%,932,2,0,67,28,0.74,1.76,572,13,614,93,2,77%,"16,360",430.53,5,1,0,31%,686,214,74%,"1,089",45
Liverpool,2006/07,38,20,10,"2,404",0,128,20,"1,115",25%,"1,107",0,0,57,27,0.71,1.50,0,15,246,120,0,76%,"17,162",451.63,6,0,3,32%,668,214,79%,969,44
Liverpool,2005/06,38,25,6,0,0,0,22,0,0%,0,0,0,57,25,0.66,1.50,0,0,0,0,2,0%,0,0.00,0,5,0,0%,0,0,0%,0,47
Liverpool,2004/05,38,17,14,0,0,0,7,0,0%,0,0,0,52,41,1.08,1.37,0,0,0,0,0,0%,0,0.00,0,2,0,0%,0,0,0%,0,43
Liverpool,2003/04,38,16,10,0,0,0,15,0,0%,0,0,0,55,37,0.97,1.45,0,0,0,0,1,0%,0,0.00,0,1,0,0%,0,0,0%,0,49
Liverpool,2002/03,38,18,10,0,0,0,14,0,0%,0,0,0,61,41,1.08,1.61,0,0,0,0,0,0%,0,0.00,0,3,0,0%,0,0,0%,0,46
Liverpool,2001/02,38,24,6,0,0,0,18,0,0%,0,0,0,67,30,0.79,1.76,0,0,0,0,1,0%,0,0.00,0,3,0,0%,0,0,0%,0,41
Liverpool,2000/01,38,20,9,116,1,1,14,32,9%,11,0,2,71,39,1.03,1.87,9,1,8,1,1,62%,341,8.97,0,5,4,50%,10,5,45%,11,49
Liverpool,1999/00,38,19,9,0,0,0,15,0,0%,0,0,0,51,30,0.79,1.34,0,0,0,0,3,0%,0,0.00,0,4,0,0%,0,0,0%,0,60
Liverpool,1998/99,38,15,14,0,0,0,8,0,0%,0,0,0,68,49,1.29,1.79,0,0,0,0,2,0%,0,0.00,0,3,0,0%,0,0,0%,0,65
Liverpool,1997/98,38,18,9,0,0,0,13,0,0%,0,0,0,68,42,1.11,1.79,0,0,0,0,1,0%,0,0.00,0,2,0,0%,0,0,0%,0,54
Liverpool,1996/97,38,19,8,0,0,0,12,0,0%,0,0,0,62,37,0.97,1.63,0,0,0,0,0,0%,0,0.00,0,1,0,0%,0,0,0%,0,40
Liverpool,1995/96,38,20,7,0,0,0,16,0,0%,0,0,0,70,34,0.89,1.84,0,0,0,0,1,0%,0,0.00,0,0,0,0%,0,0,0%,0,36
Liverpool,1994/95,42,21,10,0,0,0,17,0,0%,0,0,0,65,37,0.88,1.55,0,0,0,0,1,0%,0,0.00,0,1,0,0%,0,0,0%,0,35
Liverpool,1993/94,42,17,16,0,0,0,9,0,0%,0,0,0,59,55,1.31,1.40,0,0,0,0,2,0%,0,0.00,0,1,0,0%,0,0,0%,0,29
Liverpool,1992/93,42,16,15,0,0,0,12,0,0%,0,0,0,62,55,1.31,1.48,0,0,0,0,1,0%,0,0.00,0,2,0,0%,0,0,0%,0,26
Luton-Town,2023/24,38,6,24,"2,735",47,139,2,868,23%,841,7,287,52,85,2.24,1.37,418,13,325,67,4,76%,"13,310",350.26,5,0,147,33%,432,141,56%,652,71
Manchester-City,2024/25,0,0,0,0,0,0,0,0,0%,0,0,0,0,0,0.00,0.00,0,0,0,0,0,0%,0,0.00,0,0,0,0%,0,0,0%,0,0
Manchester-City,2023/24,38,28,3,"1,961",97,208,13,420,22%,700,3,190,96,34,0.89,2.53,212,11,233,42,1,90%,"26,251",690.82,9,2,77,40%,693,278,59%,517,52
Manchester-City,2022/23,38,28,5,"2,070",103,166,13,391,25%,742,4,178,94,33,0.87,2.47,209,19,223,51,1,89%,"25,072",659.79,9,1,60,37%,600,219,58%,471,44
Manchester-City,2021/22,38,29,3,"2,220",87,211,21,368,19%,869,1,188,99,26,0.68,2.61,190,24,279,66,0,90%,"26,132",687.68,7,2,62,36%,713,254,57%,498,42
Manchester-City,2020/21,38,27,6,"2,319",79,173,19,429,19%,632,4,206,83,32,0.84,2.18,231,20,319,57,1,89%,"25,651",675.03,5,2,69,36%,599,218,54%,498,46
Manchester-City,2019/20,38,26,9,"2,328",108,222,17,476,22%,914,8,202,102,35,0.92,2.68,241,27,352,69,1,89%,"26,329",692.87,6,4,76,36%,745,266,59%,514,60
Manchester-City,2018/19,38,32,4,"2,344",101,194,20,543,20%,783,2,193,95,23,0.61,2.50,295,21,362,98,0,89%,"26,581",699.50,3,1,58,38%,683,260,63%,518,44
Manchester-City,2017/18,38,32,2,"2,460",95,153,18,588,21%,691,6,209,106,27,0.71,2.79,308,23,346,67,2,89%,"28,241",743.18,6,2,62,40%,665,265,68%,563,59
Manchester-City,2016/17,38,23,6,"2,727",76,167,12,904,24%,802,5,228,80,39,1.03,2.11,531,20,498,89,1,86%,"22,705",597.50,7,4,64,34%,633,216,71%,642,71
Manchester-City,2015/16,38,19,10,"2,751",55,175,16,940,24%,866,5,231,71,41,1.08,1.87,466,15,630,63,1,83%,"20,488",539.16,5,0,86,34%,615,210,73%,729,61
Manchester-City,2014/15,38,24,7,"2,681",66,191,14,872,23%,795,4,265,83,38,1.00,2.18,498,18,569,78,3,85%,"22,107",581.76,7,2,93,34%,670,229,75%,751,77
Manchester-City,2013/14,38,27,6,"2,562",86,165,16,938,25%,892,11,150,102,37,0.97,2.68,530,19,496,59,2,86%,"20,774",546.68,6,1,88,35%,673,238,77%,756,72
Manchester-City,2012/13,38,23,6,"2,533",84,175,18,"1,068",24%,860,8,0,66,34,0.89,1.74,285,16,492,75,2,85%,"20,074",528.26,4,3,6,35%,660,231,80%,683,62
Manchester-City,2011/12,38,28,5,"2,080",86,212,17,930,22%,843,4,0,93,29,0.76,2.45,267,21,631,85,2,86%,"20,863",549.03,7,5,2,34%,738,250,74%,694,51
Manchester-City,2010/11,38,21,9,"2,519",52,164,18,"1,206",20%,762,2,0,60,33,0.87,1.58,336,16,629,103,0,82%,"17,768",467.58,8,5,2,32%,546,177,75%,826,71
Manchester-City,2009/10,38,18,7,"2,544",0,128,11,"1,269",19%,809,2,0,73,45,1.18,1.92,356,9,805,120,1,77%,"16,329",429.71,5,2,1,37%,526,195,76%,802,49
Manchester-City,2008/09,"1,313",713,350,"57,909","1,692","4,020",462,"19,610",22%,"18,631",115,"3,536","2,481","1,406",1.07,1.89,"7,654",409,"11,236","2,017",46,86%,"540,439",411.61,145,93,"1,376",36%,"15,101","5,492",70%,"16,149","1,886"
Manchester-City,2007/08,"1,313",713,350,"57,909","1,692","4,020",462,"19,610",22%,"18,631",115,"3,536","2,481","1,406",1.07,1.89,"7,654",409,"11,236","2,017",46,86%,"540,439",411.61,145,93,"1,376",36%,"15,101","5,492",70%,"16,149","1,886"
Manchester-City,2006/07,"1,313",713,350,"57,909","1,692","4,020",462,"19,610",22%,"18,631",115,"3,536","2,481","1,406",1.07,1.89,"7,654",409,"11,236","2,017",46,86%,"540,439",411.61,145,93,"1,376",36%,"15,101","5,492",70%,"16,149","1,886"
Manchester-City,2005/06,"1,313",713,350,"57,909","1,692","4,020",462,"19,610",22%,"18,631",115,"3,536","2,481","1,406",1.07,1.89,"7,654",409,"11,236","2,017",46,86%,"540,439",411.61,145,93,"1,376",36%,"15,101","5,492",70%,"16,149","1,886"
Manchester-City,2004/05,38,13,12,0,0,0,11,0,0%,0,0,0,47,39,1.03,1.24,0,0,0,0,2,0%,0,0.00,0,3,0,0%,0,0,0%,0,43
Manchester-City,2003/04,38,9,15,0,0,0,7,0,0%,0,0,0,55,54,1.42,1.45,0,0,0,0,3,0%,0,0.00,0,3,0,0%,0,0,0%,0,51
Manchester-City,2002/03,38,15,17,0,0,0,10,0,0%,0,0,0,47,54,1.42,1.24,0,0,0,0,0,0%,0,0.00,0,6,0,0%,0,0,0%,0,52
Manchester-City,2000/01,38,8,20,0,0,0,7,0,0%,0,0,0,41,65,1.71,1.08,0,0,0,0,1,0%,0,0.00,0,3,0,0%,0,0,0%,0,69
Manchester-City,1995/96,38,9,18,0,0,0,8,0,0%,0,0,0,33,58,1.53,0.87,0,0,0,0,1,0%,0,0.00,0,5,0,0%,0,0,0%,0,67
Manchester-City,1994/95,42,12,17,0,0,0,10,0,0%,0,0,0,53,64,1.52,1.26,0,0,0,0,6,0%,0,0.00,0,4,0,0%,0,0,0%,0,62
Manchester-City,1993/94,42,9,15,0,0,0,12,0,0%,0,0,0,38,49,1.17,0.90,0,0,0,0,0,0%,0,0.00,0,0,0,0%,0,0,0%,0,35
Manchester-City,1992/93,42,15,15,0,0,0,11,0,0%,0,0,0,56,51,1.21,1.33,0,0,0,0,4,0%,0,0.00,0,1,0,0%,0,0,0%,0,43
Manchester-United,2024/25,0,0,0,0,0,0,0,0,0%,0,0,0,0,0,0.00,0.00,0,0,0,0,0,0%,0,0.00,0,0,0,0%,0,0,0%,0,0
Manchester-United,2023/24,38,18,14,"2,204",60,174,9,833,22%,594,5,295,57,58,1.53,1.50,426,9,313,91,1,83%,"18,070",475.53,6,1,149,35%,550,193,61%,676,81
Manchester-United,2022/23,38,23,9,"2,205",84,166,17,734,23%,517,4,237,58,43,1.13,1.53,399,20,352,80,1,82%,"19,086",502.26,3,2,101,36%,593,215,61%,657,78
Manchester-United,2021/22,38,16,12,"2,386",66,144,8,673,23%,659,4,247,57,57,1.50,1.50,375,13,340,88,3,83%,"19,035",500.92,3,2,128,37%,508,187,61%,585,75
Manchester-United,2020/21,38,21,6,"2,465",68,151,13,595,24%,639,6,256,73,44,1.16,1.92,320,10,386,76,2,85%,"20,996",552.53,10,1,100,40%,526,213,56%,551,64
Manchester-United,2019/20,38,18,8,"2,582",55,128,13,627,20%,635,7,243,66,36,0.95,1.74,327,15,379,56,1,84%,"20,059",527.87,10,0,96,40%,544,216,57%,580,73
Manchester-United,2018/19,39,19,10,"2,683",65,130,7,785,20%,638,8,221,65,54,1.38,1.67,370,9,355,90,3,82%,"19,202",492.36,9,4,122,43%,526,225,60%,581,73
Manchester-United,2017/18,38,25,7,"2,699",60,168,19,853,20%,753,4,237,68,28,0.74,1.79,436,16,481,88,2,84%,"20,064",528.00,1,1,118,35%,512,178,65%,564,64
Manchester-United,2016/17,38,18,5,"2,767",60,154,17,"1,110",24%,848,3,268,54,29,0.76,1.42,571,19,581,99,1,84%,"20,247",532.82,3,2,85,36%,591,210,71%,690,78
Manchester-United,2015/16,38,19,10,"2,482",44,137,18,755,19%,786,2,261,49,35,0.92,1.29,321,9,594,75,2,82%,"20,070",528.16,3,1,90,33%,430,144,76%,760,65
Manchester-United,2014/15,38,20,8,"2,689",54,144,11,"1,118",22%,908,3,241,62,37,0.97,1.63,638,11,679,87,1,85%,"21,311",560.82,3,5,100,35%,512,180,74%,739,64
Manchester-United,2013/14,38,19,12,"2,597",53,130,13,"1,382",21%,"1,000",7,130,64,43,1.13,1.68,856,16,595,97,1,84%,"18,910",497.63,5,3,103,35%,526,183,75%,676,66
Manchester-United,2012/13,38,28,5,"2,477",89,127,13,"1,319",22%,962,7,0,86,43,1.13,2.26,473,24,514,96,4,86%,"19,709",518.66,4,1,7,38%,561,213,77%,731,57
Manchester-United,2011/12,38,28,5,"2,151",85,176,20,"1,165",22%,"1,018",6,0,89,33,0.87,2.34,424,17,574,89,2,85%,"20,193",531.39,9,1,6,38%,646,243,75%,803,51
Manchester-United,2010/11,38,23,4,"2,353",71,156,15,"1,053",24%,"1,005",3,0,78,37,0.97,2.05,311,15,646,102,1,81%,"18,870",496.58,3,3,0,34%,618,212,76%,693,56
Manchester-United,2009/10,38,27,7,"2,608",0,180,19,983,25%,"1,156",3,0,86,28,0.74,2.26,280,12,602,85,0,80%,"19,339",508.92,6,4,6,32%,695,221,76%,828,49
Manchester-United,2008/09,38,28,4,"2,403",0,218,24,"1,322",23%,"1,039",6,0,68,24,0.63,1.79,378,9,640,99,1,83%,"19,444",511.68,4,5,7,32%,715,230,69%,741,61
Manchester-United,2007/08,38,27,5,"2,578",0,149,21,"2,022",25%,936,2,0,80,22,0.58,2.11,603,16,446,100,0,81%,"17,422",458.47,6,2,4,37%,696,260,76%,978,51
Manchester-United,2006/07,38,28,5,"2,303",0,146,16,"1,222",25%,918,0,0,83,27,0.71,2.18,0,21,254,80,1,80%,"18,723",492.71,5,1,2,37%,698,256,76%,890,60
Manchester-United,2005/06,38,25,5,0,0,0,18,0,0%,0,0,0,72,34,0.89,1.89,0,0,0,0,0,0%,0,0.00,0,2,0,0%,0,0,0%,0,58
Manchester-United,2004/05,38,22,5,0,0,0,19,0,0%,0,0,0,58,26,0.68,1.53,0,0,0,0,2,0%,0,0.00,0,5,0,0%,0,0,0%,0,46
Manchester-United,2003/04,38,23,9,0,0,0,14,0,0%,0,0,0,64,35,0.92,1.68,0,0,0,0,3,0%,0,0.00,0,3,0,0%,0,0,0%,0,42
Manchester-United,2002/03,38,25,5,0,0,0,13,0,0%,0,0,0,74,34,0.89,1.95,0,0,0,0,1,0%,0,0.00,0,1,0,0%,0,0,0%,0,46
Manchester-United,2001/02,38,24,9,100,0,5,13,14,18%,22,0,15,87,45,1.18,2.29,5,0,6,1,2,79%,516,13.58,0,1,3,22%,9,2,60%,25,54
Manchester-United,2000/01,38,24,6,0,0,0,17,0,0%,0,0,0,79,31,0.82,2.08,0,0,0,0,1,0%,0,0.00,0,3,0,0%,0,0,0%,0,44
Manchester-United,1999/00,38,28,3,0,0,0,12,0,0%,0,0,0,97,45,1.18,2.55,0,0,0,0,4,0%,0,0.00,0,4,0,0%,0,0,0%,0,42
Manchester-United,1998/99,38,22,3,0,0,0,13,0,0%,0,0,0,80,37,0.97,2.11,0,0,0,0,0,0%,0,0.00,0,3,0,0%,0,0,0%,0,59
Manchester-United,1997/98,38,23,7,94,1,2,20,18,31%,16,0,7,73,26,0.68,1.92,11,0,7,6,1,75%,526,13.84,0,2,5,46%,13,6,70%,23,61
Manchester-United,1996/97,38,21,5,0,0,0,15,0,0%,0,0,0,76,44,1.16,2.00,0,0,0,0,1,0%,0,0.00,0,1,0,0%,0,0,0%,0,57
Manchester-United,1995/96,38,25,6,0,0,0,18,0,0%,0,0,0,73,35,0.92,1.92,0,0,0,0,2,0%,0,0.00,0,3,0,0%,0,0,0%,0,50
Manchester-United,1994/95,42,26,6,0,0,0,24,0,0%,0,0,0,77,28,0.67,1.83,0,0,0,0,1,0%,0,0.00,0,3,0,0%,0,0,0%,0,60
Manchester-United,1993/94,42,27,4,0,0,0,17,0,0%,0,0,0,80,38,0.90,1.90,0,0,0,0,1,0%,0,0.00,0,2,0,0%,0,0,0%,0,29
Manchester-United,1992/93,42,24,6,0,0,0,18,0,0%,0,0,0,67,31,0.74,1.60,0,0,0,0,0,100%,2,0.05,0,0,0,100%,2,2,0%,0,30
Middlesbrough,2016/17,38,5,20,"3,038",27,101,11,"1,090",22%,722,6,264,27,53,1.39,0.71,560,6,550,51,0,77%,"15,736",414.11,2,1,117,28%,351,100,73%,727,77
Middlesbrough,2008/09,38,7,20,"2,354",0,136,7,"1,582",23%,983,6,0,28,57,1.50,0.74,404,7,607,121,6,73%,"13,148",346.00,1,3,7,28%,498,140,74%,784,55
Middlesbrough,2007/08,38,10,16,"2,313",0,147,8,"2,139",24%,960,5,0,43,53,1.39,1.13,584,13,528,126,5,71%,"12,217",321.50,2,2,5,30%,499,152,75%,835,86
Middlesbrough,2006/07,38,12,16,"2,048",0,93,9,"1,243",22%,769,0,0,44,49,1.29,1.16,0,7,238,89,1,70%,"12,786",336.47,4,2,20,32%,454,144,78%,841,64
Middlesbrough,2005/06,38,12,17,0,0,0,10,0,0%,0,0,0,48,58,1.53,1.26,0,0,0,0,2,0%,0,0.00,0,3,0,0%,0,0,0%,0,51
Middlesbrough,2004/05,38,14,11,0,0,0,11,0,0%,0,0,0,53,46,1.21,1.39,0,0,0,0,1,0%,0,0.00,0,2,0,0%,0,0,0%,0,51
Middlesbrough,2003/04,38,13,16,0,0,0,14,0,0%,0,0,0,44,52,1.37,1.16,0,0,0,0,2,0%,0,0.00,0,1,0,0%,0,0,0%,0,58
Middlesbrough,2002/03,38,13,15,0,0,0,10,0,0%,0,0,0,48,44,1.16,1.26,0,0,0,0,0,0%,0,0.00,0,5,0,0%,0,0,0%,0,49
Middlesbrough,2001/02,38,12,17,0,0,0,12,0,0%,0,0,0,35,47,1.24,0.92,0,0,0,0,0,0%,0,0.00,0,7,0,0%,0,0,0%,0,53
Middlesbrough,2000/01,38,9,14,0,0,0,9,0,0%,0,0,0,44,44,1.16,1.16,0,0,0,0,2,0%,0,0.00,0,6,0,0%,0,0,0%,0,74
Middlesbrough,1999/00,38,14,14,0,0,0,9,0,0%,0,0,0,46,52,1.37,1.21,0,0,0,0,4,0%,0,0.00,0,3,0,0%,0,0,0%,0,82
Middlesbrough,1998/99,38,12,11,0,0,0,13,0,0%,0,0,0,48,54,1.42,1.26,0,0,0,0,1,0%,0,0.00,0,2,0,0%,0,0,0%,0,81
Middlesbrough,1996/97,38,10,16,0,0,0,6,0,0%,0,0,0,51,60,1.58,1.34,0,0,0,0,3,0%,0,0.00,0,3,0,0%,0,0,0%,0,76
Middlesbrough,1995/96,38,11,17,0,0,0,10,0,0%,0,0,0,35,50,1.32,0.92,0,0,0,0,0,0%,0,0.00,0,3,0,0%,0,0,0%,0,73
Middlesbrough,1992/93,42,11,20,0,0,0,8,0,0%,0,0,0,54,75,1.79,1.29,0,0,0,0,2,0%,0,0.00,0,2,0,0%,0,0,0%,0,43
Newcastle-United,2024/25,0,0,0,0,0,0,0,0,0%,0,0,0,0,0,0.00,0.00,0,0,0,0,0,0%,0,0.00,0,0,0,0%,0,0,0%,0,0
Newcastle-United,2023/24,38,18,14,"2,395",97,153,10,651,27%,648,6,263,85,62,1.63,2.24,314,13,285,59,1,83%,"18,230",479.74,8,1,135,39%,551,213,59%,661,77
Newcastle-United,2022/23,38,19,5,"2,468",80,169,14,646,29%,740,3,217,68,33,0.87,1.79,316,26,333,71,2,80%,"16,052",422.42,6,2,97,35%,571,197,59%,607,62
Newcastle-United,2021/22,38,13,15,"2,736",34,121,8,743,25%,592,5,190,44,62,1.63,1.16,394,7,360,71,2,75%,"12,503",329.03,3,2,107,33%,449,149,58%,659,79
Newcastle-United,2020/21,38,12,17,"2,565",42,113,7,876,24%,652,4,207,46,62,1.63,1.21,421,13,362,60,3,76%,"13,116",345.16,6,3,133,36%,397,142,52%,512,61
Newcastle-United,2019/20,38,11,16,"2,911",44,117,11,934,22%,591,14,209,38,58,1.53,1.00,478,11,391,75,2,75%,"13,066",343.84,0,3,140,33%,399,133,59%,603,66
Newcastle-United,2018/19,38,12,17,"2,875",39,118,11,"1,120",24%,711,5,266,42,48,1.26,1.11,564,14,506,59,1,73%,"13,490",355.00,1,2,95,32%,446,142,61%,714,57
Newcastle-United,2017/18,38,12,18,"3,104",48,124,9,"1,125",22%,616,5,245,39,47,1.24,1.03,594,12,441,63,3,72%,"14,028",369.16,0,2,105,33%,451,149,66%,644,52
Newcastle-United,2015/16,38,9,19,"2,565",35,100,8,939,23%,775,6,214,44,65,1.71,1.16,406,6,646,59,2,77%,"15,118",397.84,3,5,115,38%,397,151,77%,793,60
Newcastle-United,2014/15,38,10,19,"3,033",38,132,8,"1,020",19%,864,12,243,40,63,1.66,1.05,569,6,639,38,1,77%,"15,019",395.24,1,7,98,31%,468,143,77%,824,65
Newcastle-United,2013/14,38,15,19,"3,008",48,148,10,"1,110",21%,787,4,134,43,59,1.55,1.13,596,14,601,78,1,80%,"16,102",423.74,2,6,108,31%,579,182,74%,736,53
Newcastle-United,2012/13,38,11,19,"2,856",45,129,6,"1,584",23%,941,11,0,45,68,1.79,1.18,431,12,478,84,1,80%,"14,604",384.32,4,4,6,33%,533,174,73%,732,71
Newcastle-United,2011/12,38,19,11,"2,245",35,134,15,987,23%,730,6,0,56,51,1.34,1.47,252,19,621,97,0,77%,"14,638",385.21,2,2,1,31%,489,154,74%,744,67
Newcastle-United,2010/11,38,11,14,"2,664",68,126,9,"1,025",24%,"1,022",9,0,56,57,1.50,1.47,278,10,608,82,2,76%,"14,204",373.79,5,2,3,33%,507,168,75%,666,78
Newcastle-United,2008/09,38,7,18,"2,455",0,132,7,"1,278",21%,895,4,0,40,59,1.55,1.05,345,12,591,73,2,74%,"14,172",372.95,4,8,0,28%,444,125,77%,735,57
Newcastle-United,2007/08,38,11,17,"2,367",0,123,8,"1,823",20%,966,4,0,45,65,1.71,1.18,479,10,553,102,1,73%,"13,947",367.03,4,1,7,32%,481,153,76%,876,63
Newcastle-United,2006/07,38,11,17,"2,415",0,106,7,"1,004",21%,793,0,0,38,47,1.24,1.00,0,11,361,102,2,72%,"14,628",384.95,5,1,5,31%,454,140,78%,965,65
Newcastle-United,2005/06,38,17,14,0,0,0,13,0,0%,0,0,0,47,42,1.11,1.24,0,0,0,0,2,0%,0,0.00,0,6,0,0%,0,0,0%,0,65
Newcastle-United,2004/05,38,10,14,0,0,0,6,0,0%,0,0,0,47,57,1.50,1.24,0,0,0,0,2,0%,0,0.00,0,5,0,0%,0,0,0%,0,58
Newcastle-United,2003/04,38,13,8,0,0,0,11,0,0%,0,0,0,52,40,1.05,1.37,0,0,0,0,2,0%,0,0.00,0,3,0,0%,0,0,0%,0,45
Newcastle-United,2002/03,38,21,11,0,0,0,14,0,0%,0,0,0,63,48,1.26,1.66,0,0,0,0,2,0%,0,0.00,0,3,0,0%,0,0,0%,0,46
Newcastle-United,2001/02,38,21,9,0,0,0,9,0,0%,0,0,0,74,52,1.37,1.95,0,0,0,0,1,0%,0,0.00,0,2,0,100%,1,1,0%,0,51
Newcastle-United,2000/01,38,14,15,0,0,0,7,0,0%,0,0,0,44,50,1.32,1.16,0,0,0,0,0,0%,0,0.00,0,5,0,0%,0,0,0%,0,50
Newcastle-United,1999/00,38,14,14,0,0,0,12,0,0%,0,0,0,63,54,1.42,1.66,0,0,0,0,0,0%,0,0.00,0,3,0,0%,0,0,0%,0,49
Newcastle-United,1998/99,38,11,14,0,0,0,7,0,0%,0,0,0,48,54,1.42,1.26,0,0,0,0,1,0%,0,0.00,0,4,0,0%,0,0,0%,0,50
Newcastle-United,1997/98,38,11,16,0,0,0,10,0,0%,0,0,0,35,44,1.16,0.92,0,0,0,0,2,0%,0,0.00,0,3,0,0%,0,0,0%,0,60
Newcastle-United,1996/97,38,19,8,0,0,0,12,0,0%,0,0,0,73,40,1.05,1.92,0,0,0,0,0,0%,0,0.00,0,2,0,0%,0,0,0%,0,58
Newcastle-United,1995/96,38,24,8,0,0,0,13,0,0%,0,0,0,66,37,0.97,1.74,0,0,0,0,1,0%,0,0.00,0,1,0,0%,0,0,0%,0,44
Newcastle-United,1994/95,42,20,10,0,0,0,14,0,0%,0,0,0,67,47,1.12,1.60,0,0,0,0,0,0%,0,0.00,0,4,0,0%,0,0,0%,0,42
Newcastle-United,1993/94,42,23,11,0,0,0,15,0,0%,0,0,0,82,41,0.98,1.95,0,0,0,0,0,0%,0,0.00,0,1,0,0%,0,0,0%,0,22
Norwich-City,2021/22,38,5,26,"2,331",30,117,6,816,22%,568,5,197,23,84,2.21,0.61,419,9,381,55,2,77%,"14,466",380.68,3,1,142,29%,373,109,60%,614,55
Norwich-City,2019/20,38,5,27,"2,540",34,123,5,891,21%,473,7,204,26,75,1.97,0.68,435,16,397,50,3,80%,"17,362",456.89,2,3,140,32%,409,131,60%,628,68
Norwich-City,2015/16,38,9,22,"2,545",34,99,5,"1,212",22%,818,9,204,39,67,1.76,1.03,630,11,473,93,2,74%,"14,483",381.13,1,3,103,31%,418,129,74%,608,61
Norwich-City,2013/14,38,8,21,"2,480",31,127,12,"1,071",23%,818,11,154,28,62,1.63,0.74,472,15,529,48,3,77%,"14,777",388.87,1,2,125,32%,467,148,74%,675,62
Norwich-City,2012/13,38,10,14,"2,559",50,96,10,"1,146",24%,837,8,0,41,58,1.53,1.08,252,7,540,97,3,74%,"13,446",353.84,1,1,13,32%,413,134,75%,676,60
Norwich-City,2011/12,38,12,15,"1,938",39,121,3,"1,451",27%,863,11,0,52,66,1.74,1.37,424,7,468,74,1,76%,"15,165",399.08,2,3,0,32%,514,164,71%,692,58
Norwich-City,2004/05,38,7,19,0,0,0,6,0,0%,0,0,0,42,77,2.03,1.11,0,0,0,0,2,0%,0,0.00,0,2,0,0%,0,0,0%,0,35
Norwich-City,1994/95,42,10,19,0,0,0,10,0,0%,0,0,0,37,54,1.29,0.88,0,0,0,0,1,0%,0,0.00,0,1,0,0%,0,0,0%,0,70
Norwich-City,1993/94,42,12,13,0,0,0,10,0,0%,0,0,0,65,61,1.45,1.55,0,0,0,0,4,0%,0,0.00,0,3,0,0%,0,0,0%,0,25
Norwich-City,1992/93,42,21,12,0,0,0,11,0,0%,0,0,0,61,65,1.55,1.45,0,0,0,0,0,0%,0,0.00,0,0,0,0%,0,0,0%,0,23
Nottingham-Forest,2024/25,0,0,0,0,0,0,0,0,0%,0,0,0,0,0,0.00,0.00,0,0,0,0,0,0%,0,0.00,0,0,0,0%,0,0,0%,0,0
Nottingham-Forest,2023/24,38,9,20,"2,554",65,116,4,910,22%,595,8,311,49,67,1.76,1.29,440,15,331,77,2,79%,"14,170",372.89,1,3,103,33%,451,148,59%,728,78
Nottingham-Forest,2022/23,37,9,18,"2,437",33,93,8,892,20%,532,5,228,38,68,1.84,1.03,419,8,349,67,0,72%,"12,091",326.78,3,0,115,32%,368,118,59%,660,84
Nottingham-Forest,1998/99,38,7,22,0,0,0,6,0,0%,0,0,0,35,69,1.82,0.92,0,0,0,0,0,0%,0,0.00,0,6,0,0%,0,0,0%,0,85
Nottingham-Forest,1996/97,38,6,16,0,0,0,8,0,0%,0,0,0,31,59,1.55,0.82,0,0,0,0,1,0%,0,0.00,0,0,0,0%,0,0,0%,0,67
Nottingham-Forest,1995/96,38,15,10,0,0,0,9,0,0%,0,0,0,50,54,1.42,1.32,0,0,0,0,1,0%,0,0.00,0,2,0,0%,0,0,0%,0,45
Nottingham-Forest,1994/95,42,22,9,0,0,0,13,0,0%,0,0,0,72,43,1.02,1.71,0,0,0,0,1,0%,0,0.00,0,1,0,0%,0,0,0%,0,62
Nottingham-Forest,1992/93,42,10,22,0,0,0,9,0,0%,0,0,0,41,62,1.48,0.98,0,0,0,0,1,0%,0,0.00,0,1,0,0%,0,0,0%,0,28
Oldham-Athletic,1993/94,42,9,20,0,0,0,6,0,0%,0,0,0,42,68,1.62,1.00,0,0,0,0,2,0%,0,0.00,0,4,0,0%,0,0,0%,0,31
Oldham-Athletic,1992/93,42,13,19,0,0,0,3,0,0%,0,0,0,63,74,1.76,1.50,0,0,0,0,1,0%,0,0.00,0,0,0,0%,0,0,0%,0,39
Portsmouth,2009/10,38,7,24,"2,497",0,153,7,"1,356",19%,818,5,0,34,66,1.74,0.89,402,7,681,93,3,74%,"13,535",356.18,3,5,12,28%,533,151,75%,774,68
Portsmouth,2008/09,38,10,17,"2,893",0,116,8,"1,552",23%,852,9,0,38,57,1.50,1.00,474,19,653,81,0,75%,"14,516",382.00,2,5,3,30%,500,152,78%,922,58
Portsmouth,2007/08,38,16,13,"2,551",0,148,16,"2,103",22%,663,3,0,48,40,1.05,1.26,563,9,521,95,3,74%,"12,794",336.68,4,3,4,29%,559,160,76%,963,55
Portsmouth,2006/07,38,14,12,"2,288",0,100,12,"1,164",25%,783,0,0,45,42,1.11,1.18,0,9,220,141,0,68%,"12,616",332.00,2,1,14,35%,525,186,75%,948,48
Portsmouth,2005/06,38,10,20,0,0,0,5,0,0%,0,0,0,37,62,1.63,0.97,0,0,0,0,3,0%,0,0.00,0,1,0,0%,0,0,0%,0,53
Portsmouth,2004/05,38,10,19,0,0,0,5,0,0%,0,0,0,43,59,1.55,1.13,0,0,0,0,3,0%,0,0.00,0,2,0,0%,0,0,0%,0,53
Portsmouth,2003/04,38,12,17,0,0,0,8,0,0%,0,0,0,47,54,1.42,1.24,0,0,0,0,3,0%,0,0.00,0,3,0,0%,0,0,0%,0,64
Queens-Park-Rangers,2014/15,38,8,24,"3,096",43,169,6,"1,445",24%,756,12,202,42,73,1.92,1.11,884,16,561,81,4,71%,"13,659",359.45,3,3,142,28%,534,150,75%,781,75
Queens-Park-Rangers,2012/13,543,180,246,"10,639",156,645,113,"4,916",28%,"3,198",34,440,664,802,1.48,1.22,"2,097",60,"2,129",348,34,75%,"54,919",101.14,9,37,321,30%,"2,293",695,73%,"2,860",814
Queens-Park-Rangers,2011/12,543,180,246,"10,639",156,645,113,"4,916",28%,"3,198",34,440,664,802,1.48,1.22,"2,097",60,"2,129",348,34,75%,"54,919",101.14,9,37,321,30%,"2,293",695,73%,"2,860",814
Queens-Park-Rangers,1995/96,543,180,246,"10,639",156,645,113,"4,916",28%,"3,198",34,440,664,802,1.48,1.22,"2,097",60,"2,129",348,34,75%,"54,919",101.14,9,37,321,30%,"2,293",695,73%,"2,860",814
Queens-Park-Rangers,1994/95,543,180,246,"10,639",156,645,113,"4,916",28%,"3,198",34,440,664,802,1.48,1.22,"2,097",60,"2,129",348,34,75%,"54,919",101.14,9,37,321,30%,"2,293",695,73%,"2,860",814
Queens-Park-Rangers,1993/94,543,180,246,"10,639",156,645,113,"4,916",28%,"3,198",34,440,664,802,1.48,1.22,"2,097",60,"2,129",348,34,75%,"54,919",101.14,9,37,321,30%,"2,293",695,73%,"2,860",814
Queens-Park-Rangers,1992/93,543,180,246,"10,639",156,645,113,"4,916",28%,"3,198",34,440,664,802,1.48,1.22,"2,097",60,"2,129",348,34,75%,"54,919",101.14,9,37,321,30%,"2,293",695,73%,"2,860",814
Southampton,2024/25,0,0,0,0,0,0,0,0,0%,0,0,0,0,0,0.00,0.00,0,0,0,0,0,0%,0,0.00,0,0,0,0%,0,0,0%,0,0
Southampton,2022/23,38,6,25,"2,561",42,111,4,826,24%,613,6,222,36,73,1.92,0.95,394,11,427,57,5,77%,"14,796",389.37,2,0,83,34%,417,142,60%,714,73
Southampton,2021/22,38,9,16,"2,662",44,135,8,761,21%,711,6,203,43,67,1.76,1.13,344,10,446,42,2,77%,"15,288",402.32,4,2,118,35%,482,170,56%,602,63
Southampton,2020/21,38,12,19,"2,552",39,97,9,644,19%,554,4,247,47,68,1.79,1.24,316,12,401,76,2,79%,"17,690",465.53,5,4,113,40%,424,168,58%,727,52
Southampton,2019/20,38,15,16,"3,153",49,128,9,824,22%,690,10,251,51,60,1.58,1.34,373,16,425,58,1,73%,"15,667",412.29,2,4,109,36%,499,181,59%,706,53
Southampton,2018/19,38,9,17,"2,863",48,138,7,"1,068",24%,664,10,217,45,65,1.71,1.18,502,13,548,61,3,74%,"14,297",376.24,4,3,114,34%,483,162,61%,699,71
Southampton,2017/18,38,7,16,"2,803",46,113,8,953,22%,800,13,227,37,56,1.47,0.97,509,15,462,73,1,77%,"17,174",451.95,3,2,110,32%,450,145,69%,658,63
Southampton,2016/17,38,12,16,"2,685",34,144,14,919,22%,948,3,233,41,48,1.26,1.08,494,12,516,73,0,81%,"18,240",480.00,3,2,76,33%,550,179,72%,675,59
Southampton,2015/16,38,18,11,"2,792",61,120,12,"1,101",24%,956,7,209,59,41,1.08,1.55,462,13,709,98,0,78%,"15,913",418.76,3,6,94,32%,519,166,75%,714,57
Southampton,2014/15,38,18,14,"2,736",50,122,15,875,22%,952,5,225,54,33,0.87,1.42,400,17,619,93,0,80%,"18,184",478.53,2,3,80,33%,509,169,79%,813,57
Southampton,2013/14,38,15,12,"2,815",53,140,15,"1,201",26%,877,11,157,54,46,1.21,1.42,638,16,528,97,1,81%,"19,592",515.58,3,0,85,34%,534,179,79%,805,60
Southampton,2012/13,38,9,15,"2,665",45,129,7,"1,275",23%,917,11,0,49,60,1.58,1.29,294,16,779,86,5,78%,"16,830",442.89,3,2,6,32%,516,167,77%,819,43
Southampton,2004/05,38,6,18,0,0,0,7,0,0%,0,0,0,45,66,1.74,1.18,0,0,0,0,7,0%,0,0.00,0,2,0,0%,0,0,0%,0,44
Southampton,2003/04,38,12,15,0,0,0,12,0,0%,0,0,0,44,45,1.18,1.16,0,0,0,0,1,0%,0,0.00,0,3,0,0%,0,0,0%,0,52
Southampton,2002/03,38,13,12,0,0,0,13,0,0%,0,0,0,43,46,1.21,1.13,0,0,0,0,1,0%,0,0.00,0,3,0,0%,0,0,0%,0,48
Southampton,2001/02,38,12,17,1,0,0,9,0,0%,0,0,0,46,54,1.42,1.21,0,0,0,0,0,100%,1,0.03,1,5,0,100%,3,3,0%,0,36
Southampton,2000/01,38,14,14,0,0,0,14,0,0%,0,0,0,40,48,1.26,1.05,0,0,0,0,2,0%,0,0.00,0,1,0,0%,0,0,0%,0,49
Southampton,1999/00,38,12,18,0,0,0,11,0,0%,0,0,0,45,62,1.63,1.18,0,0,0,0,6,0%,0,0.00,0,5,0,0%,0,0,0%,0,68
Southampton,1998/99,"1,081",368,443,"35,960",649,"1,708",290,"12,236",24%,"10,497",97,"2,735","1,389","1,548",1.43,1.28,"5,631",187,"6,802","1,035",50,79%,"226,465",209.5,46,73,"1,238",35%,"6,710","2,335",68%,"9,345","1,606"
Southampton,1997/98,38,14,18,0,0,0,8,0,0%,0,0,0,50,55,1.45,1.32,0,0,0,0,0,0%,0,0.00,0,4,0,0%,0,0,0%,0,57
Southampton,1996/97,38,10,17,0,0,0,10,0,0%,0,0,0,50,56,1.47,1.32,0,0,0,0,2,0%,0,0.00,0,4,0,0%,0,0,0%,0,62
Southampton,1995/96,38,9,18,0,0,0,11,0,0%,0,0,0,34,52,1.37,0.89,0,0,0,0,0,0%,0,0.00,0,2,0,0%,0,0,0%,0,56
Southampton,1994/95,42,12,12,0,0,0,9,0,0%,0,0,0,61,63,1.50,1.45,0,0,0,0,1,0%,0,0.00,0,0,0,0%,0,0,0%,0,71
Southampton,1993/94,42,12,23,0,0,0,6,0,0%,0,0,0,49,66,1.57,1.17,0,0,0,0,2,0%,0,0.00,0,1,0,0%,0,0,0%,0,43
Southampton,1992/93,42,13,18,0,0,0,10,0,0%,0,0,0,54,61,1.45,1.29,0,0,0,0,0,50%,2,0.05,0,3,0,100%,1,1,0%,0,57
Stoke-City,2017/18,655,221,270,"33,142",391,"1,257",192,"13,870",26%,"8,642",66,"1,467",755,866,1.32,1.15,"5,708",123,"5,844",965,27,73%,"149,410",228.11,36,50,863,30%,"5,096","1,543",72%,"7,884","1,142"
Stoke-City,2016/17,38,11,16,"3,056",46,117,11,"1,009",24%,718,5,225,41,56,1.47,1.08,488,14,497,85,5,75%,"14,558",383.11,4,2,127,32%,426,137,71%,665,70
Stoke-City,2015/16,38,14,15,"2,718",49,94,10,826,19%,683,3,209,41,55,1.45,1.08,370,5,576,103,0,79%,"16,342",430.05,5,4,121,31%,419,128,75%,710,51
Stoke-City,2014/15,38,15,14,"3,327",30,152,9,"1,159",21%,887,5,248,48,45,1.18,1.26,694,9,496,75,0,77%,"15,386",404.89,3,1,96,27%,500,136,78%,729,82
Stoke-City,2013/14,38,13,14,"3,289",44,90,9,"1,090",25%,731,10,161,45,52,1.37,1.18,603,14,474,81,1,78%,"15,336",403.58,4,5,127,32%,428,137,75%,791,72
Stoke-City,2012/13,38,9,14,"3,441",31,91,12,"1,161",23%,855,6,0,34,45,1.18,0.89,354,12,499,72,4,70%,"12,344",324.84,3,4,18,29%,390,114,76%,728,78
Stoke-City,2011/12,38,11,15,"2,351",36,86,9,"1,910",24%,826,10,0,36,53,1.39,0.95,608,7,461,62,3,69%,"10,836",285.16,4,2,15,25%,376,94,71%,655,60
Stoke-City,2010/11,38,13,18,"2,795",44,122,9,"1,316",25%,766,7,0,46,48,1.26,1.21,427,20,532,74,2,64%,"10,349",272.34,3,2,0,30%,482,143,72%,716,68
Stoke-City,2009/10,38,11,13,"2,758",0,95,14,"1,632",27%,661,2,0,34,48,1.26,0.89,585,5,738,86,1,63%,"10,321",271.61,2,5,7,28%,402,113,74%,724,63
Stoke-City,2008/09,38,12,17,"2,392",0,82,12,"1,555",22%,697,7,0,38,55,1.45,1.00,481,11,574,65,2,64%,"9,554",251.42,5,5,17,27%,364,100,73%,688,73
Sunderland,2016/17,38,6,26,"2,552",18,132,6,"1,173",20%,616,7,276,29,69,1.82,0.76,605,4,545,78,2,73%,"12,360",325.26,5,4,176,31%,387,119,74%,630,78
Sunderland,2015/16,38,9,17,"2,746",37,118,7,"1,277",22%,589,7,222,48,62,1.63,1.26,512,10,571,88,1,71%,"12,799",336.82,3,2,156,32%,439,141,76%,767,64
Sunderland,2014/15,38,7,14,"2,682",27,121,13,994,23%,687,7,238,31,53,1.39,0.82,525,11,578,69,5,76%,"14,451",380.29,4,2,144,32%,408,130,73%,759,94
Sunderland,2013/14,38,10,20,"2,517",33,137,11,903,20%,749,7,132,41,60,1.58,1.08,510,10,414,70,6,78%,"14,482",381.11,6,7,160,28%,491,138,79%,702,69
Sunderland,2012/13,38,9,17,"2,777",28,110,11,"1,155",20%,868,10,0,41,54,1.42,1.08,329,7,582,68,4,76%,"13,132",345.58,4,3,10,33%,417,139,77%,784,62
Sunderland,2011/12,38,11,15,"2,232",41,125,12,"1,158",23%,864,3,0,45,46,1.21,1.18,303,11,652,76,2,75%,"13,913",366.13,1,4,0,31%,458,141,76%,824,60
Sunderland,2010/11,38,12,15,"2,845",42,133,13,"1,291",21%,863,9,0,45,56,1.47,1.18,360,10,694,98,1,72%,"14,166",372.79,4,5,0,29%,532,154,71%,820,57
Sunderland,2009/10,38,11,16,"2,995",0,100,7,"1,641",23%,884,1,0,48,56,1.47,1.26,500,11,829,93,2,67%,"12,499",328.92,6,9,0,36%,444,159,72%,890,77
Sunderland,2008/09,38,9,20,"2,618",0,110,9,"1,596",21%,985,8,0,34,54,1.42,0.89,526,10,609,96,2,74%,"14,163",372.71,1,1,9,30%,473,144,76%,888,69
Sunderland,2007/08,38,11,21,"2,470",0,125,7,"2,051",25%,889,2,0,36,59,1.55,0.95,539,7,650,75,3,70%,"12,736",335.16,1,4,0,28%,483,137,74%,892,65
Sunderland,2005/06,38,3,29,0,0,0,4,0,0%,0,0,0,26,69,1.82,0.68,0,0,0,0,1,0%,0,0.00,0,4,0,0%,0,0,0%,0,67
Sunderland,2002/03,38,4,27,0,0,0,6,0,0%,0,0,0,21,65,1.71,0.55,0,0,0,0,4,0%,0,0.00,0,1,0,0%,0,0,0%,0,63
Sunderland,2001/02,38,10,18,0,0,0,11,0,0%,0,0,0,29,51,1.34,0.76,0,0,0,0,4,0%,0,0.00,0,1,0,0%,0,0,0%,0,68
Sunderland,2000/01,38,15,11,0,0,0,13,0,0%,0,0,0,46,41,1.08,1.21,0,0,0,0,0,0%,0,0.00,0,6,0,0%,0,0,0%,0,76
Sunderland,1999/00,38,16,12,0,0,0,9,0,0%,0,0,0,57,56,1.47,1.50,0,0,0,0,1,0%,0,0.00,0,4,0,0%,0,0,0%,0,79
Sunderland,1996/97,38,10,18,0,0,0,11,0,0%,0,0,0,35,53,1.39,0.92,0,0,0,0,1,0%,0,0.00,0,5,0,0%,0,0,0%,0,47
Swansea-City,2017/18,38,8,21,"2,717",25,100,9,943,20%,694,7,209,28,56,1.47,0.74,499,8,390,38,2,78%,"15,721",413.71,1,1,137,30%,338,103,68%,610,51
Swansea-City,2016/17,38,12,21,"2,706",36,91,8,"1,039",27%,864,8,215,45,70,1.84,1.18,527,10,460,49,5,79%,"16,125",424.34,3,0,121,36%,406,145,71%,634,56
Swansea-City,2015/16,38,12,15,"2,408",35,127,9,"1,058",20%,725,7,206,42,52,1.37,1.11,493,14,679,82,5,81%,"18,169",478.13,5,1,119,31%,441,136,75%,638,60
Swansea-City,2014/15,38,16,14,"2,515",45,112,13,"1,203",21%,634,6,204,46,49,1.29,1.21,646,12,693,80,1,82%,"17,877",470.45,2,5,141,35%,426,147,76%,634,48
Swansea-City,2013/14,38,11,18,"2,434",36,121,8,"1,083",21%,902,8,129,54,54,1.42,1.42,606,7,644,76,1,85%,"21,122",555.84,4,3,96,32%,496,161,76%,674,55
Swansea-City,2012/13,38,11,14,"2,286",55,128,10,"1,353",25%,790,9,0,47,51,1.34,1.24,371,11,697,87,1,85%,"19,965",525.39,0,2,12,33%,504,167,75%,686,58
Swansea-City,2011/12,38,12,15,"1,895",41,137,14,"1,048",22%,721,3,0,44,51,1.34,1.16,234,14,579,67,2,86%,"20,795",547.24,5,2,0,31%,472,145,72%,709,40
Swindon-Town,1993/94,42,5,22,0,0,0,4,0,0%,0,0,0,47,100,2.38,1.12,0,0,0,0,1,0%,0,0.00,0,1,0,0%,0,0,0%,0,39
Tottenham-Hotspur,2024/25,0,0,0,0,0,0,0,0,0%,0,0,0,0,0,0.00,0.00,0,0,0,0,0,0%,0,0.00,0,0,0,0%,0,0,0%,0,0
Tottenham-Hotspur,2023/24,38,20,12,"2,319",90,171,7,652,19%,710,6,314,74,61,1.61,1.95,334,18,355,83,3,87%,"22,488",591.79,2,4,110,37%,584,215,62%,724,89
Tottenham-Hotspur,2022/23,38,18,14,"2,381",64,146,10,725,26%,719,11,241,70,63,1.66,1.84,391,17,340,67,1,83%,"18,042",474.79,5,3,111,38%,518,199,57%,617,75
Tottenham-Hotspur,2021/22,38,22,11,"2,505",84,133,16,758,24%,632,3,229,69,40,1.05,1.82,431,13,355,62,1,85%,"19,165",504.34,5,1,98,40%,491,198,58%,598,67
Tottenham-Hotspur,2020/21,38,18,12,"2,750",62,105,12,746,22%,526,5,268,68,45,1.18,1.79,409,24,342,45,3,82%,"19,070",501.84,5,2,114,40%,443,176,57%,636,53
Tottenham-Hotspur,2019/20,38,16,11,"2,830",48,126,8,841,17%,641,8,262,61,47,1.24,1.61,433,7,381,66,2,81%,"18,644",490.63,3,3,140,36%,444,160,62%,665,82
Tottenham-Hotspur,2018/19,38,23,13,"2,566",64,142,13,770,26%,643,6,225,67,39,1.03,1.76,411,13,326,74,3,83%,"21,295",560.39,4,3,121,35%,537,189,60%,626,56
Tottenham-Hotspur,2017/18,38,23,7,"2,673",76,182,16,825,20%,825,9,217,74,36,0.95,1.95,422,13,380,88,1,84%,"21,660",570.00,2,2,93,35%,623,216,65%,618,50
Tottenham-Hotspur,2016/17,38,26,4,"2,699",53,183,17,"1,003",20%,761,7,238,86,26,0.68,2.26,515,22,314,74,1,82%,"20,153",530.34,7,0,85,38%,669,257,75%,661,62
Tottenham-Hotspur,2015/16,38,19,6,"2,619",64,180,13,"1,046",21%,738,6,236,69,35,0.92,1.82,502,19,645,72,3,80%,"18,649",490.76,5,0,89,38%,659,252,77%,805,72
Tottenham-Hotspur,2014/15,38,19,12,"2,809",51,153,9,"1,047",20%,742,11,218,58,53,1.39,1.53,636,11,674,77,2,81%,"19,322",508.47,3,4,119,32%,527,171,80%,815,79
Tottenham-Hotspur,2013/14,38,21,11,"2,671",68,168,14,974,20%,849,21,138,55,51,1.34,1.45,585,12,560,64,3,82%,"17,957",472.55,5,4,106,33%,588,192,79%,750,66
Tottenham-Hotspur,2012/13,38,21,8,"2,551",50,193,9,"1,595",21%,884,8,0,66,46,1.21,1.74,468,17,721,77,1,83%,"16,661",438.45,0,2,3,35%,681,241,76%,745,55
Tottenham-Hotspur,2011/12,38,20,9,"2,286",71,193,14,"1,045",25%,846,4,0,66,41,1.08,1.74,307,12,716,93,1,85%,"19,564",514.84,4,3,0,33%,701,230,74%,733,43
Tottenham-Hotspur,2010/11,38,16,8,"2,860",44,198,8,"1,363",23%,954,11,0,55,46,1.21,1.45,413,15,661,59,1,80%,"16,791",441.87,5,2,0,29%,657,191,73%,754,51
Tottenham-Hotspur,2009/10,38,21,10,"3,072",0,182,13,"1,360",25%,912,3,0,67,41,1.08,1.76,374,13,804,117,0,77%,"15,485",407.50,2,1,9,33%,681,226,75%,844,58
Tottenham-Hotspur,2008/09,38,14,15,"2,588",0,146,13,"1,511",21%,"1,005",14,0,45,45,1.18,1.18,472,7,743,85,2,78%,"15,723",413.76,3,5,0,33%,544,177,75%,781,54
Tottenham-Hotspur,2007/08,38,11,14,"2,584",0,131,9,"2,043",22%,994,8,0,66,61,1.61,1.74,582,19,534,123,1,77%,"15,466",407.00,4,1,0,35%,555,195,75%,960,51
Tottenham-Hotspur,2006/07,38,17,12,"2,455",0,105,6,"1,412",24%,796,0,0,57,54,1.42,1.50,0,6,276,149,2,74%,"14,914",392.47,6,3,11,35%,520,184,77%,995,48
Tottenham-Hotspur,2005/06,38,18,9,0,0,0,13,0,0%,0,0,0,53,38,1.00,1.39,0,0,0,0,0,0%,0,0.00,0,5,0,0%,0,0,0%,0,49
Tottenham-Hotspur,2004/05,38,14,14,0,0,0,13,0,0%,0,0,0,47,41,1.08,1.24,0,0,0,0,0,0%,0,0.00,0,1,0,0%,0,0,0%,0,53
Tottenham-Hotspur,2003/04,38,13,19,0,0,0,8,0,0%,0,0,0,47,57,1.50,1.24,0,0,0,0,3,0%,0,0.00,0,1,0,0%,0,0,0%,0,64
Tottenham-Hotspur,2002/03,38,14,16,0,0,0,5,0,0%,0,0,0,51,62,1.63,1.34,0,0,0,0,2,0%,0,0.00,0,6,0,0%,0,0,0%,0,56
Tottenham-Hotspur,2001/02,38,14,16,0,0,0,8,0,0%,0,0,0,49,53,1.39,1.29,0,0,0,0,0,0%,0,0.00,0,5,0,0%,0,0,0%,0,59
Tottenham-Hotspur,2000/01,38,13,15,0,0,0,11,0,0%,0,0,0,47,54,1.42,1.24,0,0,0,0,1,0%,0,0.00,0,3,0,0%,0,0,0%,0,48
Tottenham-Hotspur,1999/00,38,15,15,0,0,0,8,0,0%,0,0,0,57,49,1.29,1.50,0,0,0,0,2,0%,0,0.00,0,1,0,0%,0,0,0%,0,85
Tottenham-Hotspur,1998/99,38,11,13,0,0,0,12,0,0%,0,0,0,47,50,1.32,1.24,0,0,0,0,0,0%,0,0.00,0,4,0,0%,0,0,0%,0,64
Tottenham-Hotspur,1997/98,38,11,16,0,0,0,10,0,0%,0,0,0,44,56,1.47,1.16,0,0,0,0,2,0%,0,0.00,0,2,0,0%,0,0,0%,0,56
Tottenham-Hotspur,1996/97,38,13,18,0,0,0,13,0,0%,0,0,0,44,51,1.34,1.16,0,0,0,0,1,0%,0,0.00,0,1,0,0%,0,0,0%,0,63
Tottenham-Hotspur,1995/96,38,16,9,0,0,0,11,0,0%,0,0,0,50,38,1.00,1.32,0,0,0,0,0,0%,0,0.00,0,0,0,0%,0,0,0%,0,51
Tottenham-Hotspur,1994/95,42,16,12,0,0,0,11,0,0%,0,0,0,66,58,1.38,1.57,0,0,0,0,1,0%,0,0.00,0,3,0,0%,0,0,0%,0,45
Tottenham-Hotspur,1993/94,42,11,19,0,0,0,7,0,0%,0,0,0,54,59,1.40,1.29,0,0,0,0,0,0%,0,0.00,0,1,0,0%,0,0,0%,0,26
Tottenham-Hotspur,1992/93,42,16,15,0,0,0,10,0,0%,0,0,0,60,66,1.57,1.43,0,0,0,0,3,0%,0,0.00,0,1,0,0%,0,0,0%,0,39
Watford,2021/22,38,6,27,"2,789",49,98,4,866,24%,610,11,253,34,77,2.03,0.89,457,11,444,54,3,73%,"13,046",343.32,1,3,117,32%,399,127,58%,614,57
Watford,2019/20,39,8,20,"2,977",45,130,9,822,22%,684,2,261,36,64,1.64,0.92,397,9,424,68,3,74%,"14,067",360.69,7,3,117,29%,424,122,56%,657,76
Watford,2018/19,38,14,16,"2,855",63,128,7,956,18%,570,7,231,52,59,1.55,1.37,447,9,426,89,3,76%,"15,462",406.89,1,4,127,35%,437,152,60%,655,77
Watford,2017/18,38,11,19,"3,082",41,115,9,953,22%,713,8,235,44,64,1.68,1.16,492,8,467,74,1,76%,"15,654",411.95,3,4,95,30%,440,132,65%,668,63
Watford,2016/17,38,11,20,"2,800",28,112,7,"1,016",24%,686,7,261,40,68,1.79,1.05,479,6,512,61,2,74%,"14,049",369.71,3,5,121,34%,422,143,72%,618,84
Watford,2015/16,38,12,17,"2,820",34,127,11,931,21%,703,7,252,40,50,1.32,1.05,341,9,764,52,2,73%,"14,531",382.39,6,3,121,31%,446,140,75%,794,73
Watford,2006/07,38,5,20,"2,082",0,82,9,"1,179",22%,983,0,0,29,59,1.55,0.76,0,10,221,122,5,57%,"10,175",267.76,3,2,17,32%,418,135,76%,744,45
Watford,1999/00,38,6,26,0,0,0,6,0,0%,0,0,0,35,77,2.03,0.92,0,0,0,0,2,0%,0,0.00,0,4,0,0%,0,0,0%,0,70
West-Bromwich-Albion,2020/21,38,5,22,"2,690",38,76,6,840,22%,604,3,204,35,76,2.00,0.92,441,15,435,75,3,72%,"12,389",326.03,4,4,170,33%,339,112,56%,581,51
West-Bromwich-Albion,2017/18,38,6,19,"2,860",34,88,10,993,25%,784,1,260,31,56,1.47,0.82,544,7,469,79,2,72%,"13,218",347.84,1,1,102,30%,378,114,64%,604,73
West-Bromwich-Albion,2016/17,38,12,17,"2,573",36,103,6,997,23%,767,6,227,43,51,1.34,1.13,565,11,539,58,1,70%,"11,821",311.08,1,0,116,31%,400,123,70%,607,80
West-Bromwich-Albion,2015/16,38,10,15,"2,755",29,108,11,992,23%,847,4,222,34,48,1.26,0.89,480,10,721,68,3,70%,"12,262",322.68,1,3,109,28%,388,107,72%,642,65
West-Bromwich-Albion,2014/15,38,11,16,"2,607",31,107,16,"1,084",22%,712,9,194,38,51,1.34,1.00,597,10,585,65,0,75%,"14,445",380.13,4,3,131,32%,412,132,73%,696,64
West-Bromwich-Albion,2013/14,38,7,16,"2,774",39,128,7,"1,176",24%,834,4,124,43,59,1.55,1.13,712,6,595,91,2,78%,"14,717",387.29,2,0,114,30%,487,146,78%,701,67
West-Bromwich-Albion,2012/13,38,14,17,"2,497",51,120,8,"1,079",24%,778,5,0,53,57,1.50,1.39,331,15,377,100,3,78%,"14,392",378.74,5,4,7,34%,506,170,78%,698,63
West-Bromwich-Albion,2011/12,38,13,17,"2,101",39,150,10,960,25%,783,4,0,45,52,1.37,1.18,282,13,556,128,2,77%,"14,691",386.61,1,1,4,31%,544,167,76%,683,48
West-Bromwich-Albion,2010/11,38,12,15,"2,282",52,149,2,"1,088",22%,807,10,0,56,71,1.87,1.47,326,12,662,102,5,78%,"14,252",375.05,4,7,0,31%,597,184,74%,725,52
West-Bromwich-Albion,2008/09,38,8,22,"2,250",0,147,8,"1,477",21%,962,11,0,36,67,1.76,0.95,430,16,591,101,0,77%,"14,537",382.55,3,1,5,30%,559,165,70%,803,67
West-Bromwich-Albion,2005/06,38,7,22,0,0,0,10,0,0%,0,0,0,31,58,1.53,0.82,0,0,0,0,3,0%,0,0.00,0,2,0,0%,0,0,0%,0,45
West-Bromwich-Albion,2004/05,38,6,16,0,0,0,7,0,0%,0,0,0,36,61,1.61,0.95,0,0,0,0,3,0%,0,0.00,0,5,0,0%,0,0,0%,0,40
West-Bromwich-Albion,2002/03,38,6,24,0,0,0,6,0,0%,0,0,0,29,65,1.71,0.76,0,0,0,0,3,0%,0,0.00,0,4,0,0%,0,0,0%,0,54
West-Ham-United,2024/25,0,0,0,0,0,0,0,0,0%,0,0,0,0,0,0.00,0.00,0,0,0,0,0,0%,0,0.00,0,0,0,0%,0,0,0%,0,0
West-Ham-United,2023/24,38,14,14,"2,585",58,112,5,862,24%,661,3,300,60,74,1.95,1.58,417,14,361,71,4,79%,"14,732",387.68,4,3,171,34%,450,154,62%,684,76
West-Ham-United,2022/23,38,11,20,"2,417",42,142,9,779,21%,768,5,195,42,55,1.45,1.11,403,16,408,62,1,78%,"14,638",385.21,6,0,117,31%,474,145,55%,608,44
West-Ham-United,2021/22,38,16,14,"2,395",52,128,8,755,20%,802,1,175,60,51,1.34,1.58,409,10,374,59,2,81%,"16,579",436.29,4,3,116,35%,449,157,56%,534,47
West-Ham-United,2020/21,38,19,11,"2,661",60,116,11,729,24%,775,3,221,62,47,1.24,1.63,416,23,437,74,5,78%,"15,152",398.74,2,3,109,35%,468,165,54%,514,48
West-Ham-United,2019/20,38,10,19,"3,162",54,94,7,752,24%,737,10,220,49,62,1.63,1.29,380,10,421,66,3,76%,"15,101",397.39,4,2,129,39%,417,163,60%,696,62
West-Ham-United,2018/19,38,15,16,"2,781",48,114,7,855,24%,630,5,182,52,55,1.45,1.37,397,13,457,72,2,79%,"16,358",430.47,5,1,148,36%,441,157,54%,723,59
West-Ham-United,2017/18,38,10,16,"2,990",35,95,10,"1,007",20%,732,9,197,48,68,1.79,1.26,560,14,482,97,1,76%,"14,369",378.13,2,2,122,36%,372,133,66%,621,73
West-Ham-United,2016/17,38,12,17,"2,872",34,146,10,"1,071",25%,752,12,217,47,64,1.68,1.24,608,14,611,74,0,78%,"15,134",398.26,3,5,117,28%,499,138,74%,575,78
West-Ham-United,2015/16,38,16,8,"2,878",49,138,11,"1,003",27%,805,14,200,65,51,1.34,1.71,498,19,668,82,2,78%,"15,031",395.55,4,5,111,33%,558,185,74%,711,58
West-Ham-United,2014/15,38,12,15,"3,036",43,141,9,"1,474",22%,968,6,220,44,47,1.24,1.16,835,13,505,91,2,75%,"13,568",357.05,1,2,133,31%,488,152,74%,647,64
West-Ham-United,2013/14,38,11,20,"2,875",39,96,14,"1,401",26%,951,6,130,40,51,1.34,1.05,819,11,404,76,1,74%,"12,380",325.79,2,5,151,29%,422,122,76%,651,62
West-Ham-United,2012/13,38,12,16,"2,890",39,132,11,"1,520",27%,"1,014",4,0,45,53,1.39,1.18,431,9,459,82,1,74%,"12,611",331.87,4,1,19,32%,492,158,75%,728,74
West-Ham-United,2010/11,38,7,19,"2,637",46,153,5,"1,353",24%,814,8,0,43,70,1.84,1.13,386,18,583,120,2,76%,"13,367",351.76,5,1,0,30%,572,174,75%,783,59
West-Ham-United,2009/10,38,8,19,"2,777",0,124,8,"1,623",22%,689,8,0,47,66,1.74,1.24,442,12,755,92,3,76%,"14,630",385.00,7,3,6,35%,549,191,74%,830,62
West-Ham-United,2008/09,38,14,15,"2,412",0,139,10,"1,601",26%,720,3,0,42,45,1.18,1.11,418,12,606,130,2,79%,"15,356",404.11,1,4,17,32%,515,167,76%,896,66
West-Ham-United,2007/08,38,13,15,"2,307",0,116,8,"1,952",25%,910,4,0,42,50,1.32,1.11,531,15,444,117,1,74%,"13,773",362.45,2,1,1,31%,500,154,75%,848,63
West-Ham-United,2006/07,38,12,21,"2,249",0,119,9,"1,232",22%,849,0,0,35,59,1.55,0.92,0,8,233,92,2,71%,"13,189",347.08,1,2,6,29%,461,134,79%,860,85
West-Ham-United,2005/06,38,16,15,0,0,0,9,0,0%,0,0,0,52,55,1.45,1.37,0,0,0,0,0,0%,0,0.00,0,2,0,0%,0,0,0%,0,50
West-Ham-United,2002/03,38,10,16,0,0,0,9,0,0%,0,0,0,42,59,1.55,1.11,0,0,0,0,1,0%,0,0.00,0,5,0,0%,0,0,0%,0,66
West-Ham-United,2001/02,38,15,15,0,0,0,13,0,0%,0,0,0,48,57,1.50,1.26,0,0,0,0,2,0%,0,0.00,0,3,0,0%,0,0,0%,0,66
West-Ham-United,2000/01,38,10,16,0,0,0,8,0,0%,0,0,0,45,50,1.32,1.18,0,0,0,0,4,0%,0,0.00,0,2,0,0%,0,0,0%,0,69
West-Ham-United,1999/00,38,15,13,0,0,0,10,0,0%,0,0,0,52,53,1.39,1.37,0,0,0,0,1,0%,0,0.00,0,8,0,0%,0,0,0%,0,70
West-Ham-United,1998/99,38,16,13,0,0,0,16,0,0%,0,0,0,46,53,1.39,1.21,0,0,0,0,1,0%,0,0.00,0,5,0,0%,0,0,0%,0,81
West-Ham-United,1997/98,38,16,14,0,0,0,8,0,0%,0,0,0,56,57,1.50,1.47,0,0,0,0,2,0%,0,0.00,0,5,0,0%,0,0,0%,0,60
West-Ham-United,1996/97,38,10,16,0,0,0,10,0,0%,0,0,0,39,48,1.26,1.03,0,0,0,0,1,0%,0,0.00,0,2,0,0%,0,0,0%,0,66
West-Ham-United,1995/96,38,14,15,0,0,0,11,0,0%,0,0,0,43,52,1.37,1.13,0,0,0,0,1,0%,0,0.00,0,4,0,0%,0,0,0%,0,36
West-Ham-United,1994/95,42,13,18,0,0,0,13,0,0%,0,0,0,44,48,1.14,1.05,0,0,0,0,1,0%,0,0.00,0,3,0,0%,0,0,0%,0,62
West-Ham-United,1993/94,42,13,16,0,0,0,14,0,0%,0,0,0,47,58,1.38,1.12,0,0,0,0,2,0%,0,0.00,0,1,0,0%,0,0,0%,0,24
Wimbledon,1999/00,38,7,19,0,0,0,5,0,0%,0,0,0,46,74,1.95,1.21,0,0,0,0,0,0%,0,0.00,0,4,0,0%,0,0,0%,0,49
Wimbledon,1998/99,38,10,16,0,0,0,7,0,0%,0,0,0,40,63,1.66,1.05,0,0,0,0,4,0%,0,0.00,0,1,0,0%,0,0,0%,0,59
Wimbledon,1997/98,316,99,123,0,0,0,79,0,0%,0,0,0,384,472,1.49,1.22,0,0,0,0,16,0%,0,316,0,26,0,0%,0,0,0%,0,407
Wimbledon,1996/97,316,99,123,0,0,0,79,0,0%,0,0,0,384,472,1.49,1.22,0,0,0,0,16,0%,0,316,0,26,0,0%,0,0,0%,0,407
Wimbledon,1995/96,316,99,123,0,0,0,79,0,0%,0,0,0,384,472,1.49,1.22,0,0,0,0,16,0%,0,316,0,26,0,0%,0,0,0%,0,407
Wimbledon,1994/95,42,15,16,0,0,0,12,0,0%,0,0,0,48,65,1.55,1.14,0,0,0,0,1,0%,0,0.00,0,6,0,0%,0,0,0%,0,72
Wimbledon,1993/94,42,18,13,0,0,0,12,0,0%,0,0,0,56,53,1.26,1.33,0,0,0,0,3,0%,0,0.00,0,0,0,0%,0,0,0%,0,39
Wimbledon,1992/93,42,14,16,0,0,0,13,0,0%,0,0,0,56,55,1.31,1.33,0,0,0,0,1,0%,0,0.00,0,5,0,0%,0,0,0%,0,48
Wolverhampton-Wanderers,2024/25,0,0,0,0,0,0,0,0,0%,0,0,0,0,0,0.00,0.00,0,0,0,0,0,0%,0,0.00,0,0,0,0%,0,0,0%,0,0
Wolverhampton-Wanderers,2023/24,38,13,18,"2,450",54,111,5,786,24%,578,3,340,50,65,1.71,1.32,406,12,284,78,1,82%,"17,636",464.11,4,4,142,37%,429,160,58%,739,100
Wolverhampton-Wanderers,2022/23,38,11,19,"2,367",28,115,11,780,24%,661,6,244,31,58,1.53,0.82,420,6,279,62,1,81%,"16,712",439.79,3,6,119,31%,412,126,56%,660,84
Wolverhampton-Wanderers,2021/22,38,15,17,"2,384",41,108,11,771,23%,587,5,215,38,43,1.13,1.00,390,12,389,61,1,81%,"17,517",460.97,1,3,125,34%,402,136,56%,673,59
Wolverhampton-Wanderers,2020/21,38,12,17,"2,596",28,130,10,675,22%,775,7,228,36,52,1.37,0.95,389,16,432,38,3,83%,"17,522",461.11,4,1,103,33%,463,154,57%,588,53
Wolverhampton-Wanderers,2019/20,38,15,9,"3,077",57,136,13,652,25%,718,6,212,52,40,1.05,1.37,358,10,437,49,1,79%,"16,764",441.16,4,2,91,32%,461,148,57%,646,57
Wolverhampton-Wanderers,2018/19,38,16,13,"2,998",65,118,9,824,25%,622,3,223,47,46,1.21,1.24,464,14,501,73,4,78%,"16,618",437.32,4,1,100,32%,477,152,57%,720,72
Wolverhampton-Wanderers,2011/12,38,5,23,"1,990",33,128,4,"1,178",26%,999,10,0,40,82,2.16,1.05,263,10,598,82,2,76%,"14,860",391.05,3,4,9,32%,473,152,75%,619,64
Wolverhampton-Wanderers,2010/11,38,11,20,"2,407",38,132,5,"1,205",21%,"1,104",7,0,46,66,1.74,1.21,326,14,520,93,2,72%,"14,823",390.08,3,2,0,30%,459,139,71%,677,62
Wolverhampton-Wanderers,2009/10,38,9,18,"2,397",0,123,8,"1,618",25%,940,5,0,32,56,1.47,0.84,428,8,537,65,3,68%,"13,037",343.08,2,4,7,27%,436,119,78%,705,63
Wolverhampton-Wanderers,2003/04,38,7,19,0,0,0,7,0,0%,0,0,0,38,77,2.03,1.00,0,0,0,0,1,0%,0,0.00,0,2,0,0%,0,0,0%,0,66
